{
    "horizon": 100000,
    "repetitions": 100,
    "n_jobs": 50,
    "verbosity": 0,

    "arm_type": "Bernoulli",
    "agent_arm_dict": {
        "0": {"param": [0.9, 0.2, 0.1], "repeat": [10, 100, 100]},
        "1": {"param": [0.8, 0.2, 0.1], "repeat": [10, 100, 100]},
        "2": {"param": [0.7, 0.2, 0.1], "repeat": [1000, 1000, 1000]},
        "3": {"param": [0.6, 0.2, 0.1], "repeat": [1000, 1000, 1000]},
        "4": {"param": [0.5, 0.2, 0.1], "repeat": [1000, 1000, 1000]}
    },

    "save_json": true,
    "save_h5py": false,
    "save_pickle": false
}
