{
    "cifar10_corrupted/impulse_noise_5": {
        "accuracy": "0.466"
    },
    "cifar10_corrupted/motion_blur_5": {
        "accuracy": "0.752"
    },
    "cifar10_corrupted/frosted_glass_blur_5": {
        "accuracy": "0.515"
    },
    "cifar10_corrupted/spatter_5": {
        "accuracy": "0.0"
    },
    "cifar10_corrupted/shot_noise_5": {
        "accuracy": "0.547"
    },
    "cifar10_corrupted/pixelate_5": {
        "accuracy": "0.484"
    },
    "cifar10_corrupted/jpeg_compression_5": {
        "accuracy": "0.713"
    },
    "cifar10_corrupted/contrast_5": {
        "accuracy": "0.747"
    },
    "cifar10_corrupted/defocus_blur_5": {
        "accuracy": "0.758"
    },
    "cifar10_corrupted/speckle_noise_5": {
        "accuracy": "0.0"
    },
    "cifar10_corrupted/elastic_5": {
        "accuracy": "0.760"
    },
    "cifar10_corrupted/gaussian_blur_5": {
        "accuracy": "0.506"
    },
    "cifar10_corrupted/frost_5": {
        "accuracy": "0.675"
    },
    "cifar10_corrupted/fog_5": {
        "accuracy": "0.725"
    },
    "cifar10_corrupted/saturate_5": {
        "accuracy": "0.0"
    },
    "cifar10_corrupted/brightness_5": {
        "accuracy": "0.874"
    },
    "cifar10_corrupted/snow_5": {
        "accuracy": "0.75"
    },
    "cifar10_corrupted/zoom_blur_5": {
        "accuracy": "0.736"
    }
}
