batch_size,val_batch_size,epochs,lr,momentum,weight_decay,ntest,seed,model,loss,algorithm,display_gpu_info,acc,dataset,nsd
64,10000,500,0.01,0.0,0.0001,10000,0,LinearClassifier,logistic,sl,False,0.8575999736785889,mnist,1000
64,10000,500,0.01,0.0,0.0001,10000,1,LinearClassifier,logistic,sl,False,0.8693000078201294,mnist,1000
64,10000,500,0.01,0.0,0.0001,10000,2,LinearClassifier,logistic,sl,False,0.8657000064849854,mnist,1000
64,10000,500,0.01,0.0,0.0001,10000,3,LinearClassifier,logistic,sl,False,0.8595000058412552,mnist,1000
64,10000,500,0.01,0.0,0.0001,10000,4,LinearClassifier,logistic,sl,False,0.8646000027656555,mnist,1000
64,10000,500,0.01,0.0,0.0001,10000,5,LinearClassifier,logistic,sl,False,0.8716000020503998,mnist,1000
64,10000,500,0.01,0.0,0.0001,10000,6,LinearClassifier,logistic,sl,False,0.8707000017166138,mnist,1000
64,10000,500,0.01,0.0,0.0001,10000,7,LinearClassifier,logistic,sl,False,0.8616999983787537,mnist,1000
64,10000,500,0.01,0.0,0.0001,10000,8,LinearClassifier,logistic,sl,False,0.8667000085115433,mnist,1000
64,10000,500,0.01,0.0,0.0001,10000,9,LinearClassifier,logistic,sl,False,0.8578000068664551,mnist,1000
64,10000,500,0.01,0.0,0.0001,10000,10,LinearClassifier,logistic,sl,False,0.8606999963521957,mnist,1000
64,10000,500,0.01,0.0,0.0001,10000,11,LinearClassifier,logistic,sl,False,0.8639000058174133,mnist,1000
64,10000,500,0.01,0.0,0.0001,10000,12,LinearClassifier,logistic,sl,False,0.870399996638298,mnist,1000
64,10000,500,0.01,0.0,0.0001,10000,13,LinearClassifier,logistic,sl,False,0.8692000061273575,mnist,1000
64,10000,500,0.01,0.0,0.0001,10000,14,LinearClassifier,logistic,sl,False,0.8574000000953674,mnist,1000
64,10000,500,0.01,0.0,0.0001,10000,15,LinearClassifier,logistic,sl,False,0.8760000020265579,mnist,1000
64,10000,500,0.01,0.0,0.0001,10000,16,LinearClassifier,logistic,sl,False,0.8611000031232834,mnist,1000
64,10000,500,0.01,0.0,0.0001,10000,17,LinearClassifier,logistic,sl,False,0.8729999959468842,mnist,1000
64,10000,500,0.01,0.0,0.0001,10000,18,LinearClassifier,logistic,sl,False,0.857000008225441,mnist,1000
64,10000,500,0.01,0.0,0.0001,10000,19,LinearClassifier,logistic,sl,False,0.8642999976873398,mnist,1000
64,10000,500,0.01,0.0,0.0001,10000,0,LinearClassifier,logistic,sl,False,0.8757000043988228,mnist,2000
64,10000,500,0.01,0.0,0.0001,10000,1,LinearClassifier,logistic,sl,False,0.8789000064134598,mnist,2000
64,10000,500,0.01,0.0,0.0001,10000,2,LinearClassifier,logistic,sl,False,0.8715000003576279,mnist,2000
64,10000,500,0.01,0.0,0.0001,10000,3,LinearClassifier,logistic,sl,False,0.8771999999880791,mnist,2000
64,10000,500,0.01,0.0,0.0001,10000,4,LinearClassifier,logistic,sl,False,0.8771999999880791,mnist,2000
64,10000,500,0.01,0.0,0.0001,10000,5,LinearClassifier,logistic,sl,False,0.8779000043869019,mnist,2000
64,10000,500,0.01,0.0,0.0001,10000,6,LinearClassifier,logistic,sl,False,0.8834000006318092,mnist,2000
64,10000,500,0.01,0.0,0.0001,10000,7,LinearClassifier,logistic,sl,False,0.8766000047326088,mnist,2000
64,10000,500,0.01,0.0,0.0001,10000,8,LinearClassifier,logistic,sl,False,0.8730999976396561,mnist,2000
64,10000,500,0.01,0.0,0.0001,10000,9,LinearClassifier,logistic,sl,False,0.8683000057935715,mnist,2000
64,10000,500,0.01,0.0,0.0001,10000,10,LinearClassifier,logistic,sl,False,0.8722999989986421,mnist,2000
64,10000,500,0.01,0.0,0.0001,10000,11,LinearClassifier,logistic,sl,False,0.8793999999761581,mnist,2000
64,10000,500,0.01,0.0,0.0001,10000,12,LinearClassifier,logistic,sl,False,0.8715000003576279,mnist,2000
64,10000,500,0.01,0.0,0.0001,10000,13,LinearClassifier,logistic,sl,False,0.876400001347065,mnist,2000
64,10000,500,0.01,0.0,0.0001,10000,14,LinearClassifier,logistic,sl,False,0.8729999959468842,mnist,2000
64,10000,500,0.01,0.0,0.0001,10000,15,LinearClassifier,logistic,sl,False,0.8744000047445297,mnist,2000
64,10000,500,0.01,0.0,0.0001,10000,16,LinearClassifier,logistic,sl,False,0.8802000060677528,mnist,2000
64,10000,500,0.01,0.0,0.0001,10000,17,LinearClassifier,logistic,sl,False,0.8685000091791153,mnist,2000
64,10000,500,0.01,0.0,0.0001,10000,18,LinearClassifier,logistic,sl,False,0.8722999989986421,mnist,2000
64,10000,500,0.01,0.0,0.0001,10000,19,LinearClassifier,logistic,sl,False,0.8767000064253807,mnist,2000
64,10000,500,0.01,0.0,0.0001,10000,0,LinearClassifier,logistic,sl,False,0.880500003695488,mnist,4000
64,10000,500,0.01,0.0,0.0001,10000,1,LinearClassifier,logistic,sl,False,0.8856000006198883,mnist,4000
64,10000,500,0.01,0.0,0.0001,10000,2,LinearClassifier,logistic,sl,False,0.8866000026464462,mnist,4000
64,10000,500,0.01,0.0,0.0001,10000,3,LinearClassifier,logistic,sl,False,0.884100005030632,mnist,4000
64,10000,500,0.01,0.0,0.0001,10000,4,LinearClassifier,logistic,sl,False,0.8870000019669533,mnist,4000
64,10000,500,0.01,0.0,0.0001,10000,5,LinearClassifier,logistic,sl,False,0.8862000033259392,mnist,4000
64,10000,500,0.01,0.0,0.0001,10000,6,LinearClassifier,logistic,sl,False,0.8841999992728233,mnist,4000
64,10000,500,0.01,0.0,0.0001,10000,7,LinearClassifier,logistic,sl,False,0.8790000006556511,mnist,4000
64,10000,500,0.01,0.0,0.0001,10000,8,LinearClassifier,logistic,sl,False,0.882700003683567,mnist,4000
64,10000,500,0.01,0.0,0.0001,10000,9,LinearClassifier,logistic,sl,False,0.8839000016450882,mnist,4000
64,10000,500,0.01,0.0,0.0001,10000,10,LinearClassifier,logistic,sl,False,0.8826000019907951,mnist,4000
64,10000,500,0.01,0.0,0.0001,10000,11,LinearClassifier,logistic,sl,False,0.8844000026583672,mnist,4000
64,10000,500,0.01,0.0,0.0001,10000,12,LinearClassifier,logistic,sl,False,0.883200004696846,mnist,4000
64,10000,500,0.01,0.0,0.0001,10000,13,LinearClassifier,logistic,sl,False,0.8837999999523163,mnist,4000
64,10000,500,0.01,0.0,0.0001,10000,14,LinearClassifier,logistic,sl,False,0.8811000064015388,mnist,4000
64,10000,500,0.01,0.0,0.0001,10000,15,LinearClassifier,logistic,sl,False,0.8885000050067902,mnist,4000
64,10000,500,0.01,0.0,0.0001,10000,16,LinearClassifier,logistic,sl,False,0.8789000064134598,mnist,4000
64,10000,500,0.01,0.0,0.0001,10000,17,LinearClassifier,logistic,sl,False,0.8806000053882599,mnist,4000
64,10000,500,0.01,0.0,0.0001,10000,18,LinearClassifier,logistic,sl,False,0.8806000053882599,mnist,4000
64,10000,500,0.01,0.0,0.0001,10000,19,LinearClassifier,logistic,sl,False,0.8828000053763391,mnist,4000
64,10000,500,0.01,0.0,0.0001,10000,0,LinearClassifier,logistic,sl,False,0.8897000029683113,mnist,8000
64,10000,500,0.01,0.0,0.0001,10000,1,LinearClassifier,logistic,sl,False,0.8924000039696693,mnist,8000
64,10000,500,0.01,0.0,0.0001,10000,2,LinearClassifier,logistic,sl,False,0.8862000033259392,mnist,8000
64,10000,500,0.01,0.0,0.0001,10000,3,LinearClassifier,logistic,sl,False,0.8946000039577484,mnist,8000
64,10000,500,0.01,0.0,0.0001,10000,4,LinearClassifier,logistic,sl,False,0.8965000063180923,mnist,8000
64,10000,500,0.01,0.0,0.0001,10000,5,LinearClassifier,logistic,sl,False,0.8929000049829483,mnist,8000
64,10000,500,0.01,0.0,0.0001,10000,6,LinearClassifier,logistic,sl,False,0.8884000033140182,mnist,8000
64,10000,500,0.01,0.0,0.0001,10000,7,LinearClassifier,logistic,sl,False,0.8841999992728233,mnist,8000
64,10000,500,0.01,0.0,0.0001,10000,8,LinearClassifier,logistic,sl,False,0.8907000049948692,mnist,8000
64,10000,500,0.01,0.0,0.0001,10000,9,LinearClassifier,logistic,sl,False,0.8874000012874603,mnist,8000
64,10000,500,0.01,0.0,0.0001,10000,10,LinearClassifier,logistic,sl,False,0.8901000022888184,mnist,8000
64,10000,500,0.01,0.0,0.0001,10000,11,LinearClassifier,logistic,sl,False,0.8892000019550323,mnist,8000
64,10000,500,0.01,0.0,0.0001,10000,12,LinearClassifier,logistic,sl,False,0.8866000026464462,mnist,8000
64,10000,500,0.01,0.0,0.0001,10000,13,LinearClassifier,logistic,sl,False,0.8910000026226044,mnist,8000
64,10000,500,0.01,0.0,0.0001,10000,14,LinearClassifier,logistic,sl,False,0.8934000059962273,mnist,8000
64,10000,500,0.01,0.0,0.0001,10000,15,LinearClassifier,logistic,sl,False,0.8946000039577484,mnist,8000
64,10000,500,0.01,0.0,0.0001,10000,16,LinearClassifier,logistic,sl,False,0.8880000039935112,mnist,8000
64,10000,500,0.01,0.0,0.0001,10000,17,LinearClassifier,logistic,sl,False,0.8894000053405762,mnist,8000
64,10000,500,0.01,0.0,0.0001,10000,18,LinearClassifier,logistic,sl,False,0.8889000043272972,mnist,8000
64,10000,500,0.01,0.0,0.0001,10000,19,LinearClassifier,logistic,sl,False,0.8903000056743622,mnist,8000
64,10000,500,0.01,0.0,0.0001,10000,0,LinearClassifier,logistic,sl,False,0.8944000005722046,mnist,16000
64,10000,500,0.01,0.0,0.0001,10000,1,LinearClassifier,logistic,sl,False,0.8969999998807907,mnist,16000
64,10000,500,0.01,0.0,0.0001,10000,2,LinearClassifier,logistic,sl,False,0.8934000059962273,mnist,16000
64,10000,500,0.01,0.0,0.0001,10000,3,LinearClassifier,logistic,sl,False,0.8934000059962273,mnist,16000
64,10000,500,0.01,0.0,0.0001,10000,4,LinearClassifier,logistic,sl,False,0.8988000005483627,mnist,16000
64,10000,500,0.01,0.0,0.0001,10000,5,LinearClassifier,logistic,sl,False,0.8975000008940697,mnist,16000
64,10000,500,0.01,0.0,0.0001,10000,6,LinearClassifier,logistic,sl,False,0.8945000022649765,mnist,16000
64,10000,500,0.01,0.0,0.0001,10000,7,LinearClassifier,logistic,sl,False,0.8957000002264977,mnist,16000
64,10000,500,0.01,0.0,0.0001,10000,8,LinearClassifier,logistic,sl,False,0.8978000059723854,mnist,16000
64,10000,500,0.01,0.0,0.0001,10000,9,LinearClassifier,logistic,sl,False,0.8924000039696693,mnist,16000
64,10000,500,0.01,0.0,0.0001,10000,10,LinearClassifier,logistic,sl,False,0.8953000009059906,mnist,16000
64,10000,500,0.01,0.0,0.0001,10000,11,LinearClassifier,logistic,sl,False,0.8959000036120415,mnist,16000
64,10000,500,0.01,0.0,0.0001,10000,12,LinearClassifier,logistic,sl,False,0.8958000019192696,mnist,16000
64,10000,500,0.01,0.0,0.0001,10000,13,LinearClassifier,logistic,sl,False,0.8950000032782555,mnist,16000
64,10000,500,0.01,0.0,0.0001,10000,14,LinearClassifier,logistic,sl,False,0.8937000036239624,mnist,16000
64,10000,500,0.01,0.0,0.0001,10000,15,LinearClassifier,logistic,sl,False,0.8977000042796135,mnist,16000
64,10000,500,0.01,0.0,0.0001,10000,16,LinearClassifier,logistic,sl,False,0.8945000022649765,mnist,16000
64,10000,500,0.01,0.0,0.0001,10000,17,LinearClassifier,logistic,sl,False,0.8984000012278557,mnist,16000
64,10000,500,0.01,0.0,0.0001,10000,18,LinearClassifier,logistic,sl,False,0.8898000046610832,mnist,16000
64,10000,500,0.01,0.0,0.0001,10000,19,LinearClassifier,logistic,sl,False,0.8940000012516975,mnist,16000
64,10000,500,0.01,0.0,0.0001,10000,0,LinearClassifier,logistic,sl,False,0.9492999911308287,fashion,1000
64,10000,500,0.01,0.0,0.0001,10000,1,LinearClassifier,logistic,sl,False,0.9534000009298323,fashion,1000
64,10000,500,0.01,0.0,0.0001,10000,2,LinearClassifier,logistic,sl,False,0.9578000009059906,fashion,1000
64,10000,500,0.01,0.0,0.0001,10000,3,LinearClassifier,logistic,sl,False,0.953700002282858,fashion,1000
64,10000,500,0.01,0.0,0.0001,10000,4,LinearClassifier,logistic,sl,False,0.9541999995708466,fashion,1000
64,10000,500,0.01,0.0,0.0001,10000,5,LinearClassifier,logistic,sl,False,0.9516000002622604,fashion,1000
64,10000,500,0.01,0.0,0.0001,10000,6,LinearClassifier,logistic,sl,False,0.9563999995589256,fashion,1000
64,10000,500,0.01,0.0,0.0001,10000,7,LinearClassifier,logistic,sl,False,0.9519999995827676,fashion,1000
64,10000,500,0.01,0.0,0.0001,10000,8,LinearClassifier,logistic,sl,False,0.9598999992012978,fashion,1000
64,10000,500,0.01,0.0,0.0001,10000,9,LinearClassifier,logistic,sl,False,0.9514000006020068,fashion,1000
64,10000,500,0.01,0.0,0.0001,10000,10,LinearClassifier,logistic,sl,False,0.9497999995946884,fashion,1000
64,10000,500,0.01,0.0,0.0001,10000,11,LinearClassifier,logistic,sl,False,0.954600002616644,fashion,1000
64,10000,500,0.01,0.0,0.0001,10000,12,LinearClassifier,logistic,sl,False,0.9565000012516977,fashion,1000
64,10000,500,0.01,0.0,0.0001,10000,13,LinearClassifier,logistic,sl,False,0.9538000002503396,fashion,1000
64,10000,500,0.01,0.0,0.0001,10000,14,LinearClassifier,logistic,sl,False,0.9572999998927116,fashion,1000
64,10000,500,0.01,0.0,0.0001,10000,15,LinearClassifier,logistic,sl,False,0.9541999995708466,fashion,1000
64,10000,500,0.01,0.0,0.0001,10000,16,LinearClassifier,logistic,sl,False,0.958100002259016,fashion,1000
64,10000,500,0.01,0.0,0.0001,10000,17,LinearClassifier,logistic,sl,False,0.9587000012397766,fashion,1000
64,10000,500,0.01,0.0,0.0001,10000,18,LinearClassifier,logistic,sl,False,0.953999999910593,fashion,1000
64,10000,500,0.01,0.0,0.0001,10000,19,LinearClassifier,logistic,sl,False,0.9569000005722046,fashion,1000
64,10000,500,0.01,0.0,0.0001,10000,0,LinearClassifier,logistic,sl,False,0.9444000013172626,fashion,2000
64,10000,500,0.01,0.0,0.0001,10000,1,LinearClassifier,logistic,sl,False,0.9594000019133092,fashion,2000
64,10000,500,0.01,0.0,0.0001,10000,2,LinearClassifier,logistic,sl,False,0.958100002259016,fashion,2000
64,10000,500,0.01,0.0,0.0001,10000,3,LinearClassifier,logistic,sl,False,0.957100000232458,fashion,2000
64,10000,500,0.01,0.0,0.0001,10000,4,LinearClassifier,logistic,sl,False,0.9548000022768974,fashion,2000
64,10000,500,0.01,0.0,0.0001,10000,5,LinearClassifier,logistic,sl,False,0.955299999564886,fashion,2000
64,10000,500,0.01,0.0,0.0001,10000,6,LinearClassifier,logistic,sl,False,0.95720000192523,fashion,2000
64,10000,500,0.01,0.0,0.0001,10000,7,LinearClassifier,logistic,sl,False,0.953700002282858,fashion,2000
64,10000,500,0.01,0.0,0.0001,10000,8,LinearClassifier,logistic,sl,False,0.9627000018954276,fashion,2000
64,10000,500,0.01,0.0,0.0001,10000,9,LinearClassifier,logistic,sl,False,0.9570000022649764,fashion,2000
64,10000,500,0.01,0.0,0.0001,10000,10,LinearClassifier,logistic,sl,False,0.9550000019371508,fashion,2000
64,10000,500,0.01,0.0,0.0001,10000,11,LinearClassifier,logistic,sl,False,0.956199999898672,fashion,2000
64,10000,500,0.01,0.0,0.0001,10000,12,LinearClassifier,logistic,sl,False,0.9578000009059906,fashion,2000
64,10000,500,0.01,0.0,0.0001,10000,13,LinearClassifier,logistic,sl,False,0.95720000192523,fashion,2000
64,10000,500,0.01,0.0,0.0001,10000,14,LinearClassifier,logistic,sl,False,0.9563000015914441,fashion,2000
64,10000,500,0.01,0.0,0.0001,10000,15,LinearClassifier,logistic,sl,False,0.9541999995708466,fashion,2000
64,10000,500,0.01,0.0,0.0001,10000,16,LinearClassifier,logistic,sl,False,0.9574000015854836,fashion,2000
64,10000,500,0.01,0.0,0.0001,10000,17,LinearClassifier,logistic,sl,False,0.9565000012516977,fashion,2000
64,10000,500,0.01,0.0,0.0001,10000,18,LinearClassifier,logistic,sl,False,0.9526000022888184,fashion,2000
64,10000,500,0.01,0.0,0.0001,10000,19,LinearClassifier,logistic,sl,False,0.9572999998927116,fashion,2000
64,10000,500,0.01,0.0,0.0001,10000,0,LinearClassifier,logistic,sl,False,0.9557000026106834,fashion,4000
64,10000,500,0.01,0.0,0.0001,10000,1,LinearClassifier,logistic,sl,False,0.9607000015676022,fashion,4000
64,10000,500,0.01,0.0,0.0001,10000,2,LinearClassifier,logistic,sl,False,0.9602000005543232,fashion,4000
64,10000,500,0.01,0.0,0.0001,10000,3,LinearClassifier,logistic,sl,False,0.955400001257658,fashion,4000
64,10000,500,0.01,0.0,0.0001,10000,4,LinearClassifier,logistic,sl,False,0.9567000009119512,fashion,4000
64,10000,500,0.01,0.0,0.0001,10000,5,LinearClassifier,logistic,sl,False,0.9528999999165536,fashion,4000
64,10000,500,0.01,0.0,0.0001,10000,6,LinearClassifier,logistic,sl,False,0.957100000232458,fashion,4000
64,10000,500,0.01,0.0,0.0001,10000,7,LinearClassifier,logistic,sl,False,0.9574999995529652,fashion,4000
64,10000,500,0.01,0.0,0.0001,10000,8,LinearClassifier,logistic,sl,False,0.9624000005424024,fashion,4000
64,10000,500,0.01,0.0,0.0001,10000,9,LinearClassifier,logistic,sl,False,0.9596000015735626,fashion,4000
64,10000,500,0.01,0.0,0.0001,10000,10,LinearClassifier,logistic,sl,False,0.9593000002205372,fashion,4000
64,10000,500,0.01,0.0,0.0001,10000,11,LinearClassifier,logistic,sl,False,0.9579000025987624,fashion,4000
64,10000,500,0.01,0.0,0.0001,10000,12,LinearClassifier,logistic,sl,False,0.9570000022649764,fashion,4000
64,10000,500,0.01,0.0,0.0001,10000,13,LinearClassifier,logistic,sl,False,0.9566000029444696,fashion,4000
64,10000,500,0.01,0.0,0.0001,10000,14,LinearClassifier,logistic,sl,False,0.9607000015676022,fashion,4000
64,10000,500,0.01,0.0,0.0001,10000,15,LinearClassifier,logistic,sl,False,0.9598999992012978,fashion,4000
64,10000,500,0.01,0.0,0.0001,10000,16,LinearClassifier,logistic,sl,False,0.9583999998867512,fashion,4000
64,10000,500,0.01,0.0,0.0001,10000,17,LinearClassifier,logistic,sl,False,0.9517999999225141,fashion,4000
64,10000,500,0.01,0.0,0.0001,10000,18,LinearClassifier,logistic,sl,False,0.9516000002622604,fashion,4000
64,10000,500,0.01,0.0,0.0001,10000,19,LinearClassifier,logistic,sl,False,0.955800000578165,fashion,4000
64,10000,500,0.01,0.0,0.0001,10000,0,LinearClassifier,logistic,sl,False,0.9567000009119512,fashion,8000
64,10000,500,0.01,0.0,0.0001,10000,1,LinearClassifier,logistic,sl,False,0.9587999992072582,fashion,8000
64,10000,500,0.01,0.0,0.0001,10000,2,LinearClassifier,logistic,sl,False,0.9609999991953372,fashion,8000
64,10000,500,0.01,0.0,0.0001,10000,3,LinearClassifier,logistic,sl,False,0.9582000002264977,fashion,8000
64,10000,500,0.01,0.0,0.0001,10000,4,LinearClassifier,logistic,sl,False,0.9582000002264977,fashion,8000
64,10000,500,0.01,0.0,0.0001,10000,5,LinearClassifier,logistic,sl,False,0.9560000002384186,fashion,8000
64,10000,500,0.01,0.0,0.0001,10000,6,LinearClassifier,logistic,sl,False,0.9587000012397766,fashion,8000
64,10000,500,0.01,0.0,0.0001,10000,7,LinearClassifier,logistic,sl,False,0.959800001233816,fashion,8000
64,10000,500,0.01,0.0,0.0001,10000,8,LinearClassifier,logistic,sl,False,0.9629999995231628,fashion,8000
64,10000,500,0.01,0.0,0.0001,10000,9,LinearClassifier,logistic,sl,False,0.9576000012457372,fashion,8000
64,10000,500,0.01,0.0,0.0001,10000,10,LinearClassifier,logistic,sl,False,0.9603000022470952,fashion,8000
64,10000,500,0.01,0.0,0.0001,10000,11,LinearClassifier,logistic,sl,False,0.9578000009059906,fashion,8000
64,10000,500,0.01,0.0,0.0001,10000,12,LinearClassifier,logistic,sl,False,0.9596000015735626,fashion,8000
64,10000,500,0.01,0.0,0.0001,10000,13,LinearClassifier,logistic,sl,False,0.9563999995589256,fashion,8000
64,10000,500,0.01,0.0,0.0001,10000,14,LinearClassifier,logistic,sl,False,0.9605999998748302,fashion,8000
64,10000,500,0.01,0.0,0.0001,10000,15,LinearClassifier,logistic,sl,False,0.9565000012516977,fashion,8000
64,10000,500,0.01,0.0,0.0001,10000,16,LinearClassifier,logistic,sl,False,0.9587999992072582,fashion,8000
64,10000,500,0.01,0.0,0.0001,10000,17,LinearClassifier,logistic,sl,False,0.9607999995350838,fashion,8000
64,10000,500,0.01,0.0,0.0001,10000,18,LinearClassifier,logistic,sl,False,0.9574999995529652,fashion,8000
64,10000,500,0.01,0.0,0.0001,10000,19,LinearClassifier,logistic,sl,False,0.9604000002145768,fashion,8000
64,10000,500,0.01,0.0,0.0001,10000,0,LinearClassifier,logistic,sl,False,0.9578000009059906,fashion,16000
64,10000,500,0.01,0.0,0.0001,10000,1,LinearClassifier,logistic,sl,False,0.9627999998629092,fashion,16000
64,10000,500,0.01,0.0,0.0001,10000,2,LinearClassifier,logistic,sl,False,0.9631999991834164,fashion,16000
64,10000,500,0.01,0.0,0.0001,10000,3,LinearClassifier,logistic,sl,False,0.9596999995410442,fashion,16000
64,10000,500,0.01,0.0,0.0001,10000,4,LinearClassifier,logistic,sl,False,0.9596999995410442,fashion,16000
64,10000,500,0.01,0.0,0.0001,10000,5,LinearClassifier,logistic,sl,False,0.9587000012397766,fashion,16000
64,10000,500,0.01,0.0,0.0001,10000,6,LinearClassifier,logistic,sl,False,0.9596999995410442,fashion,16000
64,10000,500,0.01,0.0,0.0001,10000,7,LinearClassifier,logistic,sl,False,0.9604000002145768,fashion,16000
64,10000,500,0.01,0.0,0.0001,10000,8,LinearClassifier,logistic,sl,False,0.9625000022351742,fashion,16000
64,10000,500,0.01,0.0,0.0001,10000,9,LinearClassifier,logistic,sl,False,0.9627999998629092,fashion,16000
64,10000,500,0.01,0.0,0.0001,10000,10,LinearClassifier,logistic,sl,False,0.9616000019013882,fashion,16000
64,10000,500,0.01,0.0,0.0001,10000,11,LinearClassifier,logistic,sl,False,0.9624000005424024,fashion,16000
64,10000,500,0.01,0.0,0.0001,10000,12,LinearClassifier,logistic,sl,False,0.9612000025808812,fashion,16000
64,10000,500,0.01,0.0,0.0001,10000,13,LinearClassifier,logistic,sl,False,0.9570000022649764,fashion,16000
64,10000,500,0.01,0.0,0.0001,10000,14,LinearClassifier,logistic,sl,False,0.9591000005602835,fashion,16000
64,10000,500,0.01,0.0,0.0001,10000,15,LinearClassifier,logistic,sl,False,0.9622000008821489,fashion,16000
64,10000,500,0.01,0.0,0.0001,10000,16,LinearClassifier,logistic,sl,False,0.9607999995350838,fashion,16000
64,10000,500,0.01,0.0,0.0001,10000,17,LinearClassifier,logistic,sl,False,0.9604000002145768,fashion,16000
64,10000,500,0.01,0.0,0.0001,10000,18,LinearClassifier,logistic,sl,False,0.9594999998807908,fashion,16000
64,10000,500,0.01,0.0,0.0001,10000,19,LinearClassifier,logistic,sl,False,0.9625000022351742,fashion,16000
64,10000,500,0.01,0.0,0.0001,10000,0,LinearClassifier,logistic,sl,False,0.7137999534606934,kmnist,1000
64,10000,500,0.01,0.0,0.0001,10000,1,LinearClassifier,logistic,sl,False,0.6976999938488007,kmnist,1000
64,10000,500,0.01,0.0,0.0001,10000,2,LinearClassifier,logistic,sl,False,0.7328999936580658,kmnist,1000
64,10000,500,0.01,0.0,0.0001,10000,3,LinearClassifier,logistic,sl,False,0.7154000103473663,kmnist,1000
64,10000,500,0.01,0.0,0.0001,10000,4,LinearClassifier,logistic,sl,False,0.7190000116825104,kmnist,1000
64,10000,500,0.01,0.0,0.0001,10000,5,LinearClassifier,logistic,sl,False,0.7165000140666962,kmnist,1000
64,10000,500,0.01,0.0,0.0001,10000,6,LinearClassifier,logistic,sl,False,0.7099000215530396,kmnist,1000
64,10000,500,0.01,0.0,0.0001,10000,7,LinearClassifier,logistic,sl,False,0.7283999919891357,kmnist,1000
64,10000,500,0.01,0.0,0.0001,10000,8,LinearClassifier,logistic,sl,False,0.7156000137329102,kmnist,1000
64,10000,500,0.01,0.0,0.0001,10000,9,LinearClassifier,logistic,sl,False,0.7145999968051909,kmnist,1000
64,10000,500,0.01,0.0,0.0001,10000,10,LinearClassifier,logistic,sl,False,0.7281000018119812,kmnist,1000
64,10000,500,0.01,0.0,0.0001,10000,11,LinearClassifier,logistic,sl,False,0.7264000177383423,kmnist,1000
64,10000,500,0.01,0.0,0.0001,10000,12,LinearClassifier,logistic,sl,False,0.7195999622344971,kmnist,1000
64,10000,500,0.01,0.0,0.0001,10000,13,LinearClassifier,logistic,sl,False,0.7210000157356262,kmnist,1000
64,10000,500,0.01,0.0,0.0001,10000,14,LinearClassifier,logistic,sl,False,0.7278999984264374,kmnist,1000
64,10000,500,0.01,0.0,0.0001,10000,15,LinearClassifier,logistic,sl,False,0.7215999960899353,kmnist,1000
64,10000,500,0.01,0.0,0.0001,10000,16,LinearClassifier,logistic,sl,False,0.7267999947071075,kmnist,1000
64,10000,500,0.01,0.0,0.0001,10000,17,LinearClassifier,logistic,sl,False,0.7335000038146973,kmnist,1000
64,10000,500,0.01,0.0,0.0001,10000,18,LinearClassifier,logistic,sl,False,0.7132000029087067,kmnist,1000
64,10000,500,0.01,0.0,0.0001,10000,19,LinearClassifier,logistic,sl,False,0.7181000113487244,kmnist,1000
64,10000,500,0.01,0.0,0.0001,10000,0,LinearClassifier,logistic,sl,False,0.7168000042438507,kmnist,2000
64,10000,500,0.01,0.0,0.0001,10000,1,LinearClassifier,logistic,sl,False,0.737199991941452,kmnist,2000
64,10000,500,0.01,0.0,0.0001,10000,2,LinearClassifier,logistic,sl,False,0.7366999983787537,kmnist,2000
64,10000,500,0.01,0.0,0.0001,10000,3,LinearClassifier,logistic,sl,False,0.7366999983787537,kmnist,2000
64,10000,500,0.01,0.0,0.0001,10000,4,LinearClassifier,logistic,sl,False,0.7477999925613403,kmnist,2000
64,10000,500,0.01,0.0,0.0001,10000,5,LinearClassifier,logistic,sl,False,0.7400000095367432,kmnist,2000
64,10000,500,0.01,0.0,0.0001,10000,6,LinearClassifier,logistic,sl,False,0.7352000176906586,kmnist,2000
64,10000,500,0.01,0.0,0.0001,10000,7,LinearClassifier,logistic,sl,False,0.7308000028133392,kmnist,2000
64,10000,500,0.01,0.0,0.0001,10000,8,LinearClassifier,logistic,sl,False,0.7283999919891357,kmnist,2000
64,10000,500,0.01,0.0,0.0001,10000,9,LinearClassifier,logistic,sl,False,0.7346000075340271,kmnist,2000
64,10000,500,0.01,0.0,0.0001,10000,10,LinearClassifier,logistic,sl,False,0.7215000092983246,kmnist,2000
64,10000,500,0.01,0.0,0.0001,10000,11,LinearClassifier,logistic,sl,False,0.7285000085830688,kmnist,2000
64,10000,500,0.01,0.0,0.0001,10000,12,LinearClassifier,logistic,sl,False,0.7278999984264374,kmnist,2000
64,10000,500,0.01,0.0,0.0001,10000,13,LinearClassifier,logistic,sl,False,0.7287000119686127,kmnist,2000
64,10000,500,0.01,0.0,0.0001,10000,14,LinearClassifier,logistic,sl,False,0.7335000038146973,kmnist,2000
64,10000,500,0.01,0.0,0.0001,10000,15,LinearClassifier,logistic,sl,False,0.7393999993801117,kmnist,2000
64,10000,500,0.01,0.0,0.0001,10000,16,LinearClassifier,logistic,sl,False,0.7389000058174133,kmnist,2000
64,10000,500,0.01,0.0,0.0001,10000,17,LinearClassifier,logistic,sl,False,0.7409999966621399,kmnist,2000
64,10000,500,0.01,0.0,0.0001,10000,18,LinearClassifier,logistic,sl,False,0.7319999933242798,kmnist,2000
64,10000,500,0.01,0.0,0.0001,10000,19,LinearClassifier,logistic,sl,False,0.7253000140190125,kmnist,2000
64,10000,500,0.01,0.0,0.0001,10000,0,LinearClassifier,logistic,sl,False,0.7409000098705292,kmnist,4000
64,10000,500,0.01,0.0,0.0001,10000,1,LinearClassifier,logistic,sl,False,0.7425000071525574,kmnist,4000
64,10000,500,0.01,0.0,0.0001,10000,2,LinearClassifier,logistic,sl,False,0.7472000122070312,kmnist,4000
64,10000,500,0.01,0.0,0.0001,10000,3,LinearClassifier,logistic,sl,False,0.741100013256073,kmnist,4000
64,10000,500,0.01,0.0,0.0001,10000,4,LinearClassifier,logistic,sl,False,0.7492000162601471,kmnist,4000
64,10000,500,0.01,0.0,0.0001,10000,5,LinearClassifier,logistic,sl,False,0.7488999962806702,kmnist,4000
64,10000,500,0.01,0.0,0.0001,10000,6,LinearClassifier,logistic,sl,False,0.7442000210285187,kmnist,4000
64,10000,500,0.01,0.0,0.0001,10000,7,LinearClassifier,logistic,sl,False,0.7430000007152557,kmnist,4000
64,10000,500,0.01,0.0,0.0001,10000,8,LinearClassifier,logistic,sl,False,0.7468000054359436,kmnist,4000
64,10000,500,0.01,0.0,0.0001,10000,9,LinearClassifier,logistic,sl,False,0.7440000176429749,kmnist,4000
64,10000,500,0.01,0.0,0.0001,10000,10,LinearClassifier,logistic,sl,False,0.7406000196933746,kmnist,4000
64,10000,500,0.01,0.0,0.0001,10000,11,LinearClassifier,logistic,sl,False,0.7305000126361847,kmnist,4000
64,10000,500,0.01,0.0,0.0001,10000,12,LinearClassifier,logistic,sl,False,0.7543999999761581,kmnist,4000
64,10000,500,0.01,0.0,0.0001,10000,13,LinearClassifier,logistic,sl,False,0.7484000027179718,kmnist,4000
64,10000,500,0.01,0.0,0.0001,10000,14,LinearClassifier,logistic,sl,False,0.7443999946117401,kmnist,4000
64,10000,500,0.01,0.0,0.0001,10000,15,LinearClassifier,logistic,sl,False,0.7457000017166138,kmnist,4000
64,10000,500,0.01,0.0,0.0001,10000,16,LinearClassifier,logistic,sl,False,0.7510000020265579,kmnist,4000
64,10000,500,0.01,0.0,0.0001,10000,17,LinearClassifier,logistic,sl,False,0.7486999928951263,kmnist,4000
64,10000,500,0.01,0.0,0.0001,10000,18,LinearClassifier,logistic,sl,False,0.7475000023841858,kmnist,4000
64,10000,500,0.01,0.0,0.0001,10000,19,LinearClassifier,logistic,sl,False,0.7456000149250029,kmnist,4000
64,10000,500,0.01,0.0,0.0001,10000,0,LinearClassifier,logistic,sl,False,0.7581000030040741,kmnist,8000
64,10000,500,0.01,0.0,0.0001,10000,1,LinearClassifier,logistic,sl,False,0.7601000070571899,kmnist,8000
64,10000,500,0.01,0.0,0.0001,10000,2,LinearClassifier,logistic,sl,False,0.7568000108003616,kmnist,8000
64,10000,500,0.01,0.0,0.0001,10000,3,LinearClassifier,logistic,sl,False,0.75730000436306,kmnist,8000
64,10000,500,0.01,0.0,0.0001,10000,4,LinearClassifier,logistic,sl,False,0.7593000084161758,kmnist,8000
64,10000,500,0.01,0.0,0.0001,10000,5,LinearClassifier,logistic,sl,False,0.7662000060081482,kmnist,8000
64,10000,500,0.01,0.0,0.0001,10000,6,LinearClassifier,logistic,sl,False,0.7669000029563904,kmnist,8000
64,10000,500,0.01,0.0,0.0001,10000,7,LinearClassifier,logistic,sl,False,0.7630000114440918,kmnist,8000
64,10000,500,0.01,0.0,0.0001,10000,8,LinearClassifier,logistic,sl,False,0.7633000016212463,kmnist,8000
64,10000,500,0.01,0.0,0.0001,10000,9,LinearClassifier,logistic,sl,False,0.7589000016450882,kmnist,8000
64,10000,500,0.01,0.0,0.0001,10000,10,LinearClassifier,logistic,sl,False,0.7539000064134598,kmnist,8000
64,10000,500,0.01,0.0,0.0001,10000,11,LinearClassifier,logistic,sl,False,0.7644000053405762,kmnist,8000
64,10000,500,0.01,0.0,0.0001,10000,12,LinearClassifier,logistic,sl,False,0.7601000070571899,kmnist,8000
64,10000,500,0.01,0.0,0.0001,10000,13,LinearClassifier,logistic,sl,False,0.7587999999523163,kmnist,8000
64,10000,500,0.01,0.0,0.0001,10000,14,LinearClassifier,logistic,sl,False,0.7553000003099442,kmnist,8000
64,10000,500,0.01,0.0,0.0001,10000,15,LinearClassifier,logistic,sl,False,0.7587999999523163,kmnist,8000
64,10000,500,0.01,0.0,0.0001,10000,16,LinearClassifier,logistic,sl,False,0.7562000006437302,kmnist,8000
64,10000,500,0.01,0.0,0.0001,10000,17,LinearClassifier,logistic,sl,False,0.7587000131607056,kmnist,8000
64,10000,500,0.01,0.0,0.0001,10000,18,LinearClassifier,logistic,sl,False,0.7626000046730042,kmnist,8000
64,10000,500,0.01,0.0,0.0001,10000,19,LinearClassifier,logistic,sl,False,0.7629000097513199,kmnist,8000
64,10000,500,0.01,0.0,0.0001,10000,0,LinearClassifier,logistic,sl,False,0.7700000107288361,kmnist,16000
64,10000,500,0.01,0.0,0.0001,10000,1,LinearClassifier,logistic,sl,False,0.7651000022888184,kmnist,16000
64,10000,500,0.01,0.0,0.0001,10000,2,LinearClassifier,logistic,sl,False,0.7668000012636185,kmnist,16000
64,10000,500,0.01,0.0,0.0001,10000,3,LinearClassifier,logistic,sl,False,0.7717000097036362,kmnist,16000
64,10000,500,0.01,0.0,0.0001,10000,4,LinearClassifier,logistic,sl,False,0.7768000066280365,kmnist,16000
64,10000,500,0.01,0.0,0.0001,10000,5,LinearClassifier,logistic,sl,False,0.7678000032901764,kmnist,16000
64,10000,500,0.01,0.0,0.0001,10000,6,LinearClassifier,logistic,sl,False,0.7742000073194504,kmnist,16000
64,10000,500,0.01,0.0,0.0001,10000,7,LinearClassifier,logistic,sl,False,0.7765000015497208,kmnist,16000
64,10000,500,0.01,0.0,0.0001,10000,8,LinearClassifier,logistic,sl,False,0.7749000042676926,kmnist,16000
64,10000,500,0.01,0.0,0.0001,10000,9,LinearClassifier,logistic,sl,False,0.7699000090360641,kmnist,16000
64,10000,500,0.01,0.0,0.0001,10000,10,LinearClassifier,logistic,sl,False,0.7668000012636185,kmnist,16000
64,10000,500,0.01,0.0,0.0001,10000,11,LinearClassifier,logistic,sl,False,0.7707000076770782,kmnist,16000
64,10000,500,0.01,0.0,0.0001,10000,12,LinearClassifier,logistic,sl,False,0.7678000032901764,kmnist,16000
64,10000,500,0.01,0.0,0.0001,10000,13,LinearClassifier,logistic,sl,False,0.76910001039505,kmnist,16000
64,10000,500,0.01,0.0,0.0001,10000,14,LinearClassifier,logistic,sl,False,0.7736000120639801,kmnist,16000
64,10000,500,0.01,0.0,0.0001,10000,15,LinearClassifier,logistic,sl,False,0.7701999992132187,kmnist,16000
64,10000,500,0.01,0.0,0.0001,10000,16,LinearClassifier,logistic,sl,False,0.7706000059843063,kmnist,16000
64,10000,500,0.01,0.0,0.0001,10000,17,LinearClassifier,logistic,sl,False,0.7703000009059906,kmnist,16000
64,10000,500,0.01,0.0,0.0001,10000,18,LinearClassifier,logistic,sl,False,0.7780000120401382,kmnist,16000
64,10000,500,0.01,0.0,0.0001,10000,19,LinearClassifier,logistic,sl,False,0.7732000052928925,kmnist,16000
64,10000,500,0.01,0.0,0.0001,10000,0,LinearClassifier,logistic,sv,False,0.8774000033736229,mnist,1000
64,10000,500,0.01,0.0,0.0001,10000,1,LinearClassifier,logistic,sv,False,0.8815000057220459,mnist,1000
64,10000,500,0.01,0.0,0.0001,10000,2,LinearClassifier,logistic,sv,False,0.8728000074625015,mnist,1000
64,10000,500,0.01,0.0,0.0001,10000,3,LinearClassifier,logistic,sv,False,0.8780000060796738,mnist,1000
64,10000,500,0.01,0.0,0.0001,10000,4,LinearClassifier,logistic,sv,False,0.8793000057339668,mnist,1000
64,10000,500,0.01,0.0,0.0001,10000,5,LinearClassifier,logistic,sv,False,0.8802000060677528,mnist,1000
64,10000,500,0.01,0.0,0.0001,10000,6,LinearClassifier,logistic,sv,False,0.883700005710125,mnist,1000
64,10000,500,0.01,0.0,0.0001,10000,7,LinearClassifier,logistic,sv,False,0.8784999996423721,mnist,1000
64,10000,500,0.01,0.0,0.0001,10000,8,LinearClassifier,logistic,sv,False,0.8798000067472458,mnist,1000
64,10000,500,0.01,0.0,0.0001,10000,9,LinearClassifier,logistic,sv,False,0.8684000074863434,mnist,1000
64,10000,500,0.01,0.0,0.0001,10000,10,LinearClassifier,logistic,sv,False,0.8776000067591667,mnist,1000
64,10000,500,0.01,0.0,0.0001,10000,11,LinearClassifier,logistic,sv,False,0.8748999983072281,mnist,1000
64,10000,500,0.01,0.0,0.0001,10000,12,LinearClassifier,logistic,sv,False,0.8755000010132791,mnist,1000
64,10000,500,0.01,0.0,0.0001,10000,13,LinearClassifier,logistic,sv,False,0.8780000060796738,mnist,1000
64,10000,500,0.01,0.0,0.0001,10000,14,LinearClassifier,logistic,sv,False,0.8771000057458878,mnist,1000
64,10000,500,0.01,0.0,0.0001,10000,15,LinearClassifier,logistic,sv,False,0.8844000026583672,mnist,1000
64,10000,500,0.01,0.0,0.0001,10000,16,LinearClassifier,logistic,sv,False,0.879100002348423,mnist,1000
64,10000,500,0.01,0.0,0.0001,10000,17,LinearClassifier,logistic,sv,False,0.879600003361702,mnist,1000
64,10000,500,0.01,0.0,0.0001,10000,18,LinearClassifier,logistic,sv,False,0.8717000037431717,mnist,1000
64,10000,500,0.01,0.0,0.0001,10000,19,LinearClassifier,logistic,sv,False,0.8684000074863434,mnist,1000
64,10000,500,0.01,0.0,0.0001,10000,0,LinearClassifier,logistic,sv,False,0.885000005364418,mnist,2000
64,10000,500,0.01,0.0,0.0001,10000,1,LinearClassifier,logistic,sv,False,0.8878000006079674,mnist,2000
64,10000,500,0.01,0.0,0.0001,10000,2,LinearClassifier,logistic,sv,False,0.8854000046849251,mnist,2000
64,10000,500,0.01,0.0,0.0001,10000,3,LinearClassifier,logistic,sv,False,0.8866000026464462,mnist,2000
64,10000,500,0.01,0.0,0.0001,10000,4,LinearClassifier,logistic,sv,False,0.8870000019669533,mnist,2000
64,10000,500,0.01,0.0,0.0001,10000,5,LinearClassifier,logistic,sv,False,0.8866000026464462,mnist,2000
64,10000,500,0.01,0.0,0.0001,10000,6,LinearClassifier,logistic,sv,False,0.8869000002741814,mnist,2000
64,10000,500,0.01,0.0,0.0001,10000,7,LinearClassifier,logistic,sv,False,0.8821000009775162,mnist,2000
64,10000,500,0.01,0.0,0.0001,10000,8,LinearClassifier,logistic,sv,False,0.8869000002741814,mnist,2000
64,10000,500,0.01,0.0,0.0001,10000,9,LinearClassifier,logistic,sv,False,0.8797000050544739,mnist,2000
64,10000,500,0.01,0.0,0.0001,10000,10,LinearClassifier,logistic,sv,False,0.8821000009775162,mnist,2000
64,10000,500,0.01,0.0,0.0001,10000,11,LinearClassifier,logistic,sv,False,0.8866000026464462,mnist,2000
64,10000,500,0.01,0.0,0.0001,10000,12,LinearClassifier,logistic,sv,False,0.8837999999523163,mnist,2000
64,10000,500,0.01,0.0,0.0001,10000,13,LinearClassifier,logistic,sv,False,0.8817000016570091,mnist,2000
64,10000,500,0.01,0.0,0.0001,10000,14,LinearClassifier,logistic,sv,False,0.8857000023126602,mnist,2000
64,10000,500,0.01,0.0,0.0001,10000,15,LinearClassifier,logistic,sv,False,0.8910000026226044,mnist,2000
64,10000,500,0.01,0.0,0.0001,10000,16,LinearClassifier,logistic,sv,False,0.8848000019788742,mnist,2000
64,10000,500,0.01,0.0,0.0001,10000,17,LinearClassifier,logistic,sv,False,0.8846000060439109,mnist,2000
64,10000,500,0.01,0.0,0.0001,10000,18,LinearClassifier,logistic,sv,False,0.881900005042553,mnist,2000
64,10000,500,0.01,0.0,0.0001,10000,19,LinearClassifier,logistic,sv,False,0.87950000166893,mnist,2000
64,10000,500,0.01,0.0,0.0001,10000,0,LinearClassifier,logistic,sv,False,0.8906000033020973,mnist,4000
64,10000,500,0.01,0.0,0.0001,10000,1,LinearClassifier,logistic,sv,False,0.8929999992251396,mnist,4000
64,10000,500,0.01,0.0,0.0001,10000,2,LinearClassifier,logistic,sv,False,0.8894000053405762,mnist,4000
64,10000,500,0.01,0.0,0.0001,10000,3,LinearClassifier,logistic,sv,False,0.8912000060081482,mnist,4000
64,10000,500,0.01,0.0,0.0001,10000,4,LinearClassifier,logistic,sv,False,0.8956000059843063,mnist,4000
64,10000,500,0.01,0.0,0.0001,10000,5,LinearClassifier,logistic,sv,False,0.8936000019311905,mnist,4000
64,10000,500,0.01,0.0,0.0001,10000,6,LinearClassifier,logistic,sv,False,0.8903000056743622,mnist,4000
64,10000,500,0.01,0.0,0.0001,10000,7,LinearClassifier,logistic,sv,False,0.8903999999165535,mnist,4000
64,10000,500,0.01,0.0,0.0001,10000,8,LinearClassifier,logistic,sv,False,0.8936000019311905,mnist,4000
64,10000,500,0.01,0.0,0.0001,10000,9,LinearClassifier,logistic,sv,False,0.8897000029683113,mnist,4000
64,10000,500,0.01,0.0,0.0001,10000,10,LinearClassifier,logistic,sv,False,0.8905000016093254,mnist,4000
64,10000,500,0.01,0.0,0.0001,10000,11,LinearClassifier,logistic,sv,False,0.8922000005841255,mnist,4000
64,10000,500,0.01,0.0,0.0001,10000,12,LinearClassifier,logistic,sv,False,0.8907000049948692,mnist,4000
64,10000,500,0.01,0.0,0.0001,10000,13,LinearClassifier,logistic,sv,False,0.8897000029683113,mnist,4000
64,10000,500,0.01,0.0,0.0001,10000,14,LinearClassifier,logistic,sv,False,0.8902000039815903,mnist,4000
64,10000,500,0.01,0.0,0.0001,10000,15,LinearClassifier,logistic,sv,False,0.8973000049591064,mnist,4000
64,10000,500,0.01,0.0,0.0001,10000,16,LinearClassifier,logistic,sv,False,0.8902000039815903,mnist,4000
64,10000,500,0.01,0.0,0.0001,10000,17,LinearClassifier,logistic,sv,False,0.8902000039815903,mnist,4000
64,10000,500,0.01,0.0,0.0001,10000,18,LinearClassifier,logistic,sv,False,0.8910000026226044,mnist,4000
64,10000,500,0.01,0.0,0.0001,10000,19,LinearClassifier,logistic,sv,False,0.8883000016212463,mnist,4000
64,10000,500,0.01,0.0,0.0001,10000,0,LinearClassifier,logistic,sv,False,0.8940000012516975,mnist,8000
64,10000,500,0.01,0.0,0.0001,10000,1,LinearClassifier,logistic,sv,False,0.8967000022530556,mnist,8000
64,10000,500,0.01,0.0,0.0001,10000,2,LinearClassifier,logistic,sv,False,0.8941000029444695,mnist,8000
64,10000,500,0.01,0.0,0.0001,10000,3,LinearClassifier,logistic,sv,False,0.8962000012397766,mnist,8000
64,10000,500,0.01,0.0,0.0001,10000,4,LinearClassifier,logistic,sv,False,0.9007000029087067,mnist,8000
64,10000,500,0.01,0.0,0.0001,10000,5,LinearClassifier,logistic,sv,False,0.8953000009059906,mnist,8000
64,10000,500,0.01,0.0,0.0001,10000,6,LinearClassifier,logistic,sv,False,0.8938000053167343,mnist,8000
64,10000,500,0.01,0.0,0.0001,10000,7,LinearClassifier,logistic,sv,False,0.8933000043034554,mnist,8000
64,10000,500,0.01,0.0,0.0001,10000,8,LinearClassifier,logistic,sv,False,0.8964000046253204,mnist,8000
64,10000,500,0.01,0.0,0.0001,10000,9,LinearClassifier,logistic,sv,False,0.8945000022649765,mnist,8000
64,10000,500,0.01,0.0,0.0001,10000,10,LinearClassifier,logistic,sv,False,0.8937000036239624,mnist,8000
64,10000,500,0.01,0.0,0.0001,10000,11,LinearClassifier,logistic,sv,False,0.8969000056385994,mnist,8000
64,10000,500,0.01,0.0,0.0001,10000,12,LinearClassifier,logistic,sv,False,0.8942000046372414,mnist,8000
64,10000,500,0.01,0.0,0.0001,10000,13,LinearClassifier,logistic,sv,False,0.8947000056505203,mnist,8000
64,10000,500,0.01,0.0,0.0001,10000,14,LinearClassifier,logistic,sv,False,0.8963000029325485,mnist,8000
64,10000,500,0.01,0.0,0.0001,10000,15,LinearClassifier,logistic,sv,False,0.8982999995350838,mnist,8000
64,10000,500,0.01,0.0,0.0001,10000,16,LinearClassifier,logistic,sv,False,0.8940000012516975,mnist,8000
64,10000,500,0.01,0.0,0.0001,10000,17,LinearClassifier,logistic,sv,False,0.8985000029206276,mnist,8000
64,10000,500,0.01,0.0,0.0001,10000,18,LinearClassifier,logistic,sv,False,0.8922000005841255,mnist,8000
64,10000,500,0.01,0.0,0.0001,10000,19,LinearClassifier,logistic,sv,False,0.8953000009059906,mnist,8000
64,10000,500,0.01,0.0,0.0001,10000,0,LinearClassifier,logistic,sv,False,0.8975000008940697,mnist,16000
64,10000,500,0.01,0.0,0.0001,10000,1,LinearClassifier,logistic,sv,False,0.9000000059604645,mnist,16000
64,10000,500,0.01,0.0,0.0001,10000,2,LinearClassifier,logistic,sv,False,0.8955000042915344,mnist,16000
64,10000,500,0.01,0.0,0.0001,10000,3,LinearClassifier,logistic,sv,False,0.8959000036120415,mnist,16000
64,10000,500,0.01,0.0,0.0001,10000,4,LinearClassifier,logistic,sv,False,0.9029000028967856,mnist,16000
64,10000,500,0.01,0.0,0.0001,10000,5,LinearClassifier,logistic,sv,False,0.8995999991893768,mnist,16000
64,10000,500,0.01,0.0,0.0001,10000,6,LinearClassifier,logistic,sv,False,0.8962000012397766,mnist,16000
64,10000,500,0.01,0.0,0.0001,10000,7,LinearClassifier,logistic,sv,False,0.8951000049710274,mnist,16000
64,10000,500,0.01,0.0,0.0001,10000,8,LinearClassifier,logistic,sv,False,0.8984000012278557,mnist,16000
64,10000,500,0.01,0.0,0.0001,10000,9,LinearClassifier,logistic,sv,False,0.8951999992132187,mnist,16000
64,10000,500,0.01,0.0,0.0001,10000,10,LinearClassifier,logistic,sv,False,0.8973000049591064,mnist,16000
64,10000,500,0.01,0.0,0.0001,10000,11,LinearClassifier,logistic,sv,False,0.8998000025749207,mnist,16000
64,10000,500,0.01,0.0,0.0001,10000,12,LinearClassifier,logistic,sv,False,0.8976000025868416,mnist,16000
64,10000,500,0.01,0.0,0.0001,10000,13,LinearClassifier,logistic,sv,False,0.8989000022411346,mnist,16000
64,10000,500,0.01,0.0,0.0001,10000,14,LinearClassifier,logistic,sv,False,0.8977000042796135,mnist,16000
64,10000,500,0.01,0.0,0.0001,10000,15,LinearClassifier,logistic,sv,False,0.9000000059604645,mnist,16000
64,10000,500,0.01,0.0,0.0001,10000,16,LinearClassifier,logistic,sv,False,0.8976000025868416,mnist,16000
64,10000,500,0.01,0.0,0.0001,10000,17,LinearClassifier,logistic,sv,False,0.8990000039339066,mnist,16000
64,10000,500,0.01,0.0,0.0001,10000,18,LinearClassifier,logistic,sv,False,0.8944000005722046,mnist,16000
64,10000,500,0.01,0.0,0.0001,10000,19,LinearClassifier,logistic,sv,False,0.8984000012278557,mnist,16000
64,10000,500,0.01,0.0,0.0001,10000,0,LinearClassifier,logistic,sv,False,0.7595000118017197,kmnist,1000
64,10000,500,0.01,0.0,0.0001,10000,1,LinearClassifier,logistic,sv,False,0.7615000009536743,kmnist,1000
64,10000,500,0.01,0.0,0.0001,10000,2,LinearClassifier,logistic,sv,False,0.7509000003337859,kmnist,1000
64,10000,500,0.01,0.0,0.0001,10000,3,LinearClassifier,logistic,sv,False,0.7578999996185303,kmnist,1000
64,10000,500,0.01,0.0,0.0001,10000,4,LinearClassifier,logistic,sv,False,0.7668000012636185,kmnist,1000
64,10000,500,0.01,0.0,0.0001,10000,5,LinearClassifier,logistic,sv,False,0.7575000077486038,kmnist,1000
64,10000,500,0.01,0.0,0.0001,10000,6,LinearClassifier,logistic,sv,False,0.7599000036716461,kmnist,1000
64,10000,500,0.01,0.0,0.0001,10000,7,LinearClassifier,logistic,sv,False,0.76180000603199,kmnist,1000
64,10000,500,0.01,0.0,0.0001,10000,8,LinearClassifier,logistic,sv,False,0.7622000128030777,kmnist,1000
64,10000,500,0.01,0.0,0.0001,10000,9,LinearClassifier,logistic,sv,False,0.7601000070571899,kmnist,1000
64,10000,500,0.01,0.0,0.0001,10000,10,LinearClassifier,logistic,sv,False,0.7613000124692917,kmnist,1000
64,10000,500,0.01,0.0,0.0001,10000,11,LinearClassifier,logistic,sv,False,0.7686000019311905,kmnist,1000
64,10000,500,0.01,0.0,0.0001,10000,12,LinearClassifier,logistic,sv,False,0.756400004029274,kmnist,1000
64,10000,500,0.01,0.0,0.0001,10000,13,LinearClassifier,logistic,sv,False,0.7499000132083893,kmnist,1000
64,10000,500,0.01,0.0,0.0001,10000,14,LinearClassifier,logistic,sv,False,0.7662000060081482,kmnist,1000
64,10000,500,0.01,0.0,0.0001,10000,15,LinearClassifier,logistic,sv,False,0.7651000022888184,kmnist,1000
64,10000,500,0.01,0.0,0.0001,10000,16,LinearClassifier,logistic,sv,False,0.7607000023126602,kmnist,1000
64,10000,500,0.01,0.0,0.0001,10000,17,LinearClassifier,logistic,sv,False,0.7699000090360641,kmnist,1000
64,10000,500,0.01,0.0,0.0001,10000,18,LinearClassifier,logistic,sv,False,0.7736999988555908,kmnist,1000
64,10000,500,0.01,0.0,0.0001,10000,19,LinearClassifier,logistic,sv,False,0.7604999989271164,kmnist,1000
64,10000,500,0.01,0.0,0.0001,10000,0,LinearClassifier,logistic,sv,False,0.7686000019311905,kmnist,2000
64,10000,500,0.01,0.0,0.0001,10000,1,LinearClassifier,logistic,sv,False,0.76460000872612,kmnist,2000
64,10000,500,0.01,0.0,0.0001,10000,2,LinearClassifier,logistic,sv,False,0.7645000070333481,kmnist,2000
64,10000,500,0.01,0.0,0.0001,10000,3,LinearClassifier,logistic,sv,False,0.7657999992370605,kmnist,2000
64,10000,500,0.01,0.0,0.0001,10000,4,LinearClassifier,logistic,sv,False,0.7745000123977661,kmnist,2000
64,10000,500,0.01,0.0,0.0001,10000,5,LinearClassifier,logistic,sv,False,0.7687000036239624,kmnist,2000
64,10000,500,0.01,0.0,0.0001,10000,6,LinearClassifier,logistic,sv,False,0.7681000083684921,kmnist,2000
64,10000,500,0.01,0.0,0.0001,10000,7,LinearClassifier,logistic,sv,False,0.7707000076770782,kmnist,2000
64,10000,500,0.01,0.0,0.0001,10000,8,LinearClassifier,logistic,sv,False,0.7753000110387802,kmnist,2000
64,10000,500,0.01,0.0,0.0001,10000,9,LinearClassifier,logistic,sv,False,0.7655000090599059,kmnist,2000
64,10000,500,0.01,0.0,0.0001,10000,10,LinearClassifier,logistic,sv,False,0.76910001039505,kmnist,2000
64,10000,500,0.01,0.0,0.0001,10000,11,LinearClassifier,logistic,sv,False,0.7717000097036362,kmnist,2000
64,10000,500,0.01,0.0,0.0001,10000,12,LinearClassifier,logistic,sv,False,0.7675999999046326,kmnist,2000
64,10000,500,0.01,0.0,0.0001,10000,13,LinearClassifier,logistic,sv,False,0.76910001039505,kmnist,2000
64,10000,500,0.01,0.0,0.0001,10000,14,LinearClassifier,logistic,sv,False,0.7675999999046326,kmnist,2000
64,10000,500,0.01,0.0,0.0001,10000,15,LinearClassifier,logistic,sv,False,0.7714000046253204,kmnist,2000
64,10000,500,0.01,0.0,0.0001,10000,16,LinearClassifier,logistic,sv,False,0.7690000087022781,kmnist,2000
64,10000,500,0.01,0.0,0.0001,10000,17,LinearClassifier,logistic,sv,False,0.7750000059604645,kmnist,2000
64,10000,500,0.01,0.0,0.0001,10000,18,LinearClassifier,logistic,sv,False,0.7786000072956085,kmnist,2000
64,10000,500,0.01,0.0,0.0001,10000,19,LinearClassifier,logistic,sv,False,0.7713000029325485,kmnist,2000
64,10000,500,0.01,0.0,0.0001,10000,0,LinearClassifier,logistic,sv,False,0.7753000110387802,kmnist,4000
64,10000,500,0.01,0.0,0.0001,10000,1,LinearClassifier,logistic,sv,False,0.767300009727478,kmnist,4000
64,10000,500,0.01,0.0,0.0001,10000,2,LinearClassifier,logistic,sv,False,0.7713000029325485,kmnist,4000
64,10000,500,0.01,0.0,0.0001,10000,3,LinearClassifier,logistic,sv,False,0.7688000053167343,kmnist,4000
64,10000,500,0.01,0.0,0.0001,10000,4,LinearClassifier,logistic,sv,False,0.7810000032186508,kmnist,4000
64,10000,500,0.01,0.0,0.0001,10000,5,LinearClassifier,logistic,sv,False,0.7765000015497208,kmnist,4000
64,10000,500,0.01,0.0,0.0001,10000,6,LinearClassifier,logistic,sv,False,0.7782000005245209,kmnist,4000
64,10000,500,0.01,0.0,0.0001,10000,7,LinearClassifier,logistic,sv,False,0.7784000039100647,kmnist,4000
64,10000,500,0.01,0.0,0.0001,10000,8,LinearClassifier,logistic,sv,False,0.7760000079870224,kmnist,4000
64,10000,500,0.01,0.0,0.0001,10000,9,LinearClassifier,logistic,sv,False,0.7717000097036362,kmnist,4000
64,10000,500,0.01,0.0,0.0001,10000,10,LinearClassifier,logistic,sv,False,0.7776000052690506,kmnist,4000
64,10000,500,0.01,0.0,0.0001,10000,11,LinearClassifier,logistic,sv,False,0.7741000056266785,kmnist,4000
64,10000,500,0.01,0.0,0.0001,10000,12,LinearClassifier,logistic,sv,False,0.7749000042676926,kmnist,4000
64,10000,500,0.01,0.0,0.0001,10000,13,LinearClassifier,logistic,sv,False,0.7754999995231628,kmnist,4000
64,10000,500,0.01,0.0,0.0001,10000,14,LinearClassifier,logistic,sv,False,0.7779000103473663,kmnist,4000
64,10000,500,0.01,0.0,0.0001,10000,15,LinearClassifier,logistic,sv,False,0.7786000072956085,kmnist,4000
64,10000,500,0.01,0.0,0.0001,10000,16,LinearClassifier,logistic,sv,False,0.7744000107049942,kmnist,4000
64,10000,500,0.01,0.0,0.0001,10000,17,LinearClassifier,logistic,sv,False,0.7782000005245209,kmnist,4000
64,10000,500,0.01,0.0,0.0001,10000,18,LinearClassifier,logistic,sv,False,0.7873000055551529,kmnist,4000
64,10000,500,0.01,0.0,0.0001,10000,19,LinearClassifier,logistic,sv,False,0.7762000113725662,kmnist,4000
64,10000,500,0.01,0.0,0.0001,10000,0,LinearClassifier,logistic,sv,False,0.7837000042200089,kmnist,8000
64,10000,500,0.01,0.0,0.0001,10000,1,LinearClassifier,logistic,sv,False,0.7760000079870224,kmnist,8000
64,10000,500,0.01,0.0,0.0001,10000,2,LinearClassifier,logistic,sv,False,0.7775000035762787,kmnist,8000
64,10000,500,0.01,0.0,0.0001,10000,3,LinearClassifier,logistic,sv,False,0.7760000079870224,kmnist,8000
64,10000,500,0.01,0.0,0.0001,10000,4,LinearClassifier,logistic,sv,False,0.7837000042200089,kmnist,8000
64,10000,500,0.01,0.0,0.0001,10000,5,LinearClassifier,logistic,sv,False,0.7824999988079071,kmnist,8000
64,10000,500,0.01,0.0,0.0001,10000,6,LinearClassifier,logistic,sv,False,0.7861000001430511,kmnist,8000
64,10000,500,0.01,0.0,0.0001,10000,7,LinearClassifier,logistic,sv,False,0.7827000021934509,kmnist,8000
64,10000,500,0.01,0.0,0.0001,10000,8,LinearClassifier,logistic,sv,False,0.7838000059127808,kmnist,8000
64,10000,500,0.01,0.0,0.0001,10000,9,LinearClassifier,logistic,sv,False,0.7819000035524368,kmnist,8000
64,10000,500,0.01,0.0,0.0001,10000,10,LinearClassifier,logistic,sv,False,0.7813000082969666,kmnist,8000
64,10000,500,0.01,0.0,0.0001,10000,11,LinearClassifier,logistic,sv,False,0.7791000008583069,kmnist,8000
64,10000,500,0.01,0.0,0.0001,10000,12,LinearClassifier,logistic,sv,False,0.7801000028848648,kmnist,8000
64,10000,500,0.01,0.0,0.0001,10000,13,LinearClassifier,logistic,sv,False,0.7820000052452087,kmnist,8000
64,10000,500,0.01,0.0,0.0001,10000,14,LinearClassifier,logistic,sv,False,0.782600000500679,kmnist,8000
64,10000,500,0.01,0.0,0.0001,10000,15,LinearClassifier,logistic,sv,False,0.7831000089645386,kmnist,8000
64,10000,500,0.01,0.0,0.0001,10000,16,LinearClassifier,logistic,sv,False,0.7760000079870224,kmnist,8000
64,10000,500,0.01,0.0,0.0001,10000,17,LinearClassifier,logistic,sv,False,0.7851999998092651,kmnist,8000
64,10000,500,0.01,0.0,0.0001,10000,18,LinearClassifier,logistic,sv,False,0.792700007557869,kmnist,8000
64,10000,500,0.01,0.0,0.0001,10000,19,LinearClassifier,logistic,sv,False,0.7866000086069107,kmnist,8000
64,10000,500,0.01,0.0,0.0001,10000,0,LinearClassifier,logistic,sv,False,0.7895999997854233,kmnist,16000
64,10000,500,0.01,0.0,0.0001,10000,1,LinearClassifier,logistic,sv,False,0.7793000042438507,kmnist,16000
64,10000,500,0.01,0.0,0.0001,10000,2,LinearClassifier,logistic,sv,False,0.7811000049114227,kmnist,16000
64,10000,500,0.01,0.0,0.0001,10000,3,LinearClassifier,logistic,sv,False,0.7850999981164932,kmnist,16000
64,10000,500,0.01,0.0,0.0001,10000,4,LinearClassifier,logistic,sv,False,0.7851999998092651,kmnist,16000
64,10000,500,0.01,0.0,0.0001,10000,5,LinearClassifier,logistic,sv,False,0.7886999994516373,kmnist,16000
64,10000,500,0.01,0.0,0.0001,10000,6,LinearClassifier,logistic,sv,False,0.7885000109672546,kmnist,16000
64,10000,500,0.01,0.0,0.0001,10000,7,LinearClassifier,logistic,sv,False,0.7836000025272369,kmnist,16000
64,10000,500,0.01,0.0,0.0001,10000,8,LinearClassifier,logistic,sv,False,0.7912000119686127,kmnist,16000
64,10000,500,0.01,0.0,0.0001,10000,9,LinearClassifier,logistic,sv,False,0.7848000079393387,kmnist,16000
64,10000,500,0.01,0.0,0.0001,10000,10,LinearClassifier,logistic,sv,False,0.7885000109672546,kmnist,16000
64,10000,500,0.01,0.0,0.0001,10000,11,LinearClassifier,logistic,sv,False,0.7814000099897385,kmnist,16000
64,10000,500,0.01,0.0,0.0001,10000,12,LinearClassifier,logistic,sv,False,0.7815000116825104,kmnist,16000
64,10000,500,0.01,0.0,0.0001,10000,13,LinearClassifier,logistic,sv,False,0.7836000025272369,kmnist,16000
64,10000,500,0.01,0.0,0.0001,10000,14,LinearClassifier,logistic,sv,False,0.7815000116825104,kmnist,16000
64,10000,500,0.01,0.0,0.0001,10000,15,LinearClassifier,logistic,sv,False,0.788100004196167,kmnist,16000
64,10000,500,0.01,0.0,0.0001,10000,16,LinearClassifier,logistic,sv,False,0.7822000086307526,kmnist,16000
64,10000,500,0.01,0.0,0.0001,10000,17,LinearClassifier,logistic,sv,False,0.7859999984502792,kmnist,16000
64,10000,500,0.01,0.0,0.0001,10000,18,LinearClassifier,logistic,sv,False,0.7947000116109848,kmnist,16000
64,10000,500,0.01,0.0,0.0001,10000,19,LinearClassifier,logistic,sv,False,0.7850000113248825,kmnist,16000
64,10000,500,0.01,0.0,0.0001,10000,0,LinearClassifier,logistic,sv,False,0.953700002282858,fashion,1000
64,10000,500,0.01,0.0,0.0001,10000,1,LinearClassifier,logistic,sv,False,0.9607000015676022,fashion,1000
64,10000,500,0.01,0.0,0.0001,10000,2,LinearClassifier,logistic,sv,False,0.9629000015556812,fashion,1000
64,10000,500,0.01,0.0,0.0001,10000,3,LinearClassifier,logistic,sv,False,0.955800000578165,fashion,1000
64,10000,500,0.01,0.0,0.0001,10000,4,LinearClassifier,logistic,sv,False,0.9574000015854836,fashion,1000
64,10000,500,0.01,0.0,0.0001,10000,5,LinearClassifier,logistic,sv,False,0.9548000022768974,fashion,1000
64,10000,500,0.01,0.0,0.0001,10000,6,LinearClassifier,logistic,sv,False,0.9587000012397766,fashion,1000
64,10000,500,0.01,0.0,0.0001,10000,7,LinearClassifier,logistic,sv,False,0.9579000025987624,fashion,1000
64,10000,500,0.01,0.0,0.0001,10000,8,LinearClassifier,logistic,sv,False,0.9623000025749208,fashion,1000
64,10000,500,0.01,0.0,0.0001,10000,9,LinearClassifier,logistic,sv,False,0.9598999992012978,fashion,1000
64,10000,500,0.01,0.0,0.0001,10000,10,LinearClassifier,logistic,sv,False,0.9563000015914441,fashion,1000
64,10000,500,0.01,0.0,0.0001,10000,11,LinearClassifier,logistic,sv,False,0.9591000005602835,fashion,1000
64,10000,500,0.01,0.0,0.0001,10000,12,LinearClassifier,logistic,sv,False,0.9602000005543232,fashion,1000
64,10000,500,0.01,0.0,0.0001,10000,13,LinearClassifier,logistic,sv,False,0.95550000295043,fashion,1000
64,10000,500,0.01,0.0,0.0001,10000,14,LinearClassifier,logistic,sv,False,0.9583000019192696,fashion,1000
64,10000,500,0.01,0.0,0.0001,10000,15,LinearClassifier,logistic,sv,False,0.957100000232458,fashion,1000
64,10000,500,0.01,0.0,0.0001,10000,16,LinearClassifier,logistic,sv,False,0.9596000015735626,fashion,1000
64,10000,500,0.01,0.0,0.0001,10000,17,LinearClassifier,logistic,sv,False,0.95890000090003,fashion,1000
64,10000,500,0.01,0.0,0.0001,10000,18,LinearClassifier,logistic,sv,False,0.9561000019311904,fashion,1000
64,10000,500,0.01,0.0,0.0001,10000,19,LinearClassifier,logistic,sv,False,0.9605000019073486,fashion,1000
64,10000,500,0.01,0.0,0.0001,10000,0,LinearClassifier,logistic,sv,False,0.9566000029444696,fashion,2000
64,10000,500,0.01,0.0,0.0001,10000,1,LinearClassifier,logistic,sv,False,0.9620999991893768,fashion,2000
64,10000,500,0.01,0.0,0.0001,10000,2,LinearClassifier,logistic,sv,False,0.9636000022292136,fashion,2000
64,10000,500,0.01,0.0,0.0001,10000,3,LinearClassifier,logistic,sv,False,0.958000000566244,fashion,2000
64,10000,500,0.01,0.0,0.0001,10000,4,LinearClassifier,logistic,sv,False,0.9607999995350838,fashion,2000
64,10000,500,0.01,0.0,0.0001,10000,5,LinearClassifier,logistic,sv,False,0.957100000232458,fashion,2000
64,10000,500,0.01,0.0,0.0001,10000,6,LinearClassifier,logistic,sv,False,0.9605999998748302,fashion,2000
64,10000,500,0.01,0.0,0.0001,10000,7,LinearClassifier,logistic,sv,False,0.9609999991953372,fashion,2000
64,10000,500,0.01,0.0,0.0001,10000,8,LinearClassifier,logistic,sv,False,0.9647000022232533,fashion,2000
64,10000,500,0.01,0.0,0.0001,10000,9,LinearClassifier,logistic,sv,False,0.9629000015556812,fashion,2000
64,10000,500,0.01,0.0,0.0001,10000,10,LinearClassifier,logistic,sv,False,0.9570000022649764,fashion,2000
64,10000,500,0.01,0.0,0.0001,10000,11,LinearClassifier,logistic,sv,False,0.9627999998629092,fashion,2000
64,10000,500,0.01,0.0,0.0001,10000,12,LinearClassifier,logistic,sv,False,0.9624000005424024,fashion,2000
64,10000,500,0.01,0.0,0.0001,10000,13,LinearClassifier,logistic,sv,False,0.9596999995410442,fashion,2000
64,10000,500,0.01,0.0,0.0001,10000,14,LinearClassifier,logistic,sv,False,0.9601000025868416,fashion,2000
64,10000,500,0.01,0.0,0.0001,10000,15,LinearClassifier,logistic,sv,False,0.9600000008940696,fashion,2000
64,10000,500,0.01,0.0,0.0001,10000,16,LinearClassifier,logistic,sv,False,0.9609000012278556,fashion,2000
64,10000,500,0.01,0.0,0.0001,10000,17,LinearClassifier,logistic,sv,False,0.9594000019133092,fashion,2000
64,10000,500,0.01,0.0,0.0001,10000,18,LinearClassifier,logistic,sv,False,0.9578000009059906,fashion,2000
64,10000,500,0.01,0.0,0.0001,10000,19,LinearClassifier,logistic,sv,False,0.9629999995231628,fashion,2000
64,10000,500,0.01,0.0,0.0001,10000,0,LinearClassifier,logistic,sv,False,0.9583000019192696,fashion,4000
64,10000,500,0.01,0.0,0.0001,10000,1,LinearClassifier,logistic,sv,False,0.9625000022351742,fashion,4000
64,10000,500,0.01,0.0,0.0001,10000,2,LinearClassifier,logistic,sv,False,0.9644000008702278,fashion,4000
64,10000,500,0.01,0.0,0.0001,10000,3,LinearClassifier,logistic,sv,False,0.9607999995350838,fashion,4000
64,10000,500,0.01,0.0,0.0001,10000,4,LinearClassifier,logistic,sv,False,0.9623000025749208,fashion,4000
64,10000,500,0.01,0.0,0.0001,10000,5,LinearClassifier,logistic,sv,False,0.9594000019133092,fashion,4000
64,10000,500,0.01,0.0,0.0001,10000,6,LinearClassifier,logistic,sv,False,0.9620000012218952,fashion,4000
64,10000,500,0.01,0.0,0.0001,10000,7,LinearClassifier,logistic,sv,False,0.9624000005424024,fashion,4000
64,10000,500,0.01,0.0,0.0001,10000,8,LinearClassifier,logistic,sv,False,0.9653999991714954,fashion,4000
64,10000,500,0.01,0.0,0.0001,10000,9,LinearClassifier,logistic,sv,False,0.9622000008821489,fashion,4000
64,10000,500,0.01,0.0,0.0001,10000,10,LinearClassifier,logistic,sv,False,0.9604000002145768,fashion,4000
64,10000,500,0.01,0.0,0.0001,10000,11,LinearClassifier,logistic,sv,False,0.9613000005483628,fashion,4000
64,10000,500,0.01,0.0,0.0001,10000,12,LinearClassifier,logistic,sv,False,0.9616000019013882,fashion,4000
64,10000,500,0.01,0.0,0.0001,10000,13,LinearClassifier,logistic,sv,False,0.9596000015735626,fashion,4000
64,10000,500,0.01,0.0,0.0001,10000,14,LinearClassifier,logistic,sv,False,0.9613000005483628,fashion,4000
64,10000,500,0.01,0.0,0.0001,10000,15,LinearClassifier,logistic,sv,False,0.9602000005543232,fashion,4000
64,10000,500,0.01,0.0,0.0001,10000,16,LinearClassifier,logistic,sv,False,0.9625000022351742,fashion,4000
64,10000,500,0.01,0.0,0.0001,10000,17,LinearClassifier,logistic,sv,False,0.9615000002086164,fashion,4000
64,10000,500,0.01,0.0,0.0001,10000,18,LinearClassifier,logistic,sv,False,0.9596999995410442,fashion,4000
64,10000,500,0.01,0.0,0.0001,10000,19,LinearClassifier,logistic,sv,False,0.9634000025689602,fashion,4000
64,10000,500,0.01,0.0,0.0001,10000,0,LinearClassifier,logistic,sv,False,0.9592000022530556,fashion,8000
64,10000,500,0.01,0.0,0.0001,10000,1,LinearClassifier,logistic,sv,False,0.9644000008702278,fashion,8000
64,10000,500,0.01,0.0,0.0001,10000,2,LinearClassifier,logistic,sv,False,0.9642000012099744,fashion,8000
64,10000,500,0.01,0.0,0.0001,10000,3,LinearClassifier,logistic,sv,False,0.9616999998688698,fashion,8000
64,10000,500,0.01,0.0,0.0001,10000,4,LinearClassifier,logistic,sv,False,0.9631000012159348,fashion,8000
64,10000,500,0.01,0.0,0.0001,10000,5,LinearClassifier,logistic,sv,False,0.9600000008940696,fashion,8000
64,10000,500,0.01,0.0,0.0001,10000,6,LinearClassifier,logistic,sv,False,0.9627000018954276,fashion,8000
64,10000,500,0.01,0.0,0.0001,10000,7,LinearClassifier,logistic,sv,False,0.9638000018894672,fashion,8000
64,10000,500,0.01,0.0,0.0001,10000,8,LinearClassifier,logistic,sv,False,0.9647000022232533,fashion,8000
64,10000,500,0.01,0.0,0.0001,10000,9,LinearClassifier,logistic,sv,False,0.9636000022292136,fashion,8000
64,10000,500,0.01,0.0,0.0001,10000,10,LinearClassifier,logistic,sv,False,0.9623000025749208,fashion,8000
64,10000,500,0.01,0.0,0.0001,10000,11,LinearClassifier,logistic,sv,False,0.9615000002086164,fashion,8000
64,10000,500,0.01,0.0,0.0001,10000,12,LinearClassifier,logistic,sv,False,0.9627999998629092,fashion,8000
64,10000,500,0.01,0.0,0.0001,10000,13,LinearClassifier,logistic,sv,False,0.9609000012278556,fashion,8000
64,10000,500,0.01,0.0,0.0001,10000,14,LinearClassifier,logistic,sv,False,0.9622000008821489,fashion,8000
64,10000,500,0.01,0.0,0.0001,10000,15,LinearClassifier,logistic,sv,False,0.9637000001966952,fashion,8000
64,10000,500,0.01,0.0,0.0001,10000,16,LinearClassifier,logistic,sv,False,0.9629000015556812,fashion,8000
64,10000,500,0.01,0.0,0.0001,10000,17,LinearClassifier,logistic,sv,False,0.9631999991834164,fashion,8000
64,10000,500,0.01,0.0,0.0001,10000,18,LinearClassifier,logistic,sv,False,0.9616999998688698,fashion,8000
64,10000,500,0.01,0.0,0.0001,10000,19,LinearClassifier,logistic,sv,False,0.9642000012099744,fashion,8000
64,10000,500,0.01,0.0,0.0001,10000,0,LinearClassifier,logistic,sv,False,0.959800001233816,fashion,16000
64,10000,500,0.01,0.0,0.0001,10000,1,LinearClassifier,logistic,sv,False,0.965199999511242,fashion,16000
64,10000,500,0.01,0.0,0.0001,10000,2,LinearClassifier,logistic,sv,False,0.9655000008642672,fashion,16000
64,10000,500,0.01,0.0,0.0001,10000,3,LinearClassifier,logistic,sv,False,0.9633000008761884,fashion,16000
64,10000,500,0.01,0.0,0.0001,10000,4,LinearClassifier,logistic,sv,False,0.9635000005364418,fashion,16000
64,10000,500,0.01,0.0,0.0001,10000,5,LinearClassifier,logistic,sv,False,0.9618000015616416,fashion,16000
64,10000,500,0.01,0.0,0.0001,10000,6,LinearClassifier,logistic,sv,False,0.9640000015497208,fashion,16000
64,10000,500,0.01,0.0,0.0001,10000,7,LinearClassifier,logistic,sv,False,0.9637000001966952,fashion,16000
64,10000,500,0.01,0.0,0.0001,10000,8,LinearClassifier,logistic,sv,False,0.9660000018775464,fashion,16000
64,10000,500,0.01,0.0,0.0001,10000,9,LinearClassifier,logistic,sv,False,0.9646000005304812,fashion,16000
64,10000,500,0.01,0.0,0.0001,10000,10,LinearClassifier,logistic,sv,False,0.9634000025689602,fashion,16000
64,10000,500,0.01,0.0,0.0001,10000,11,LinearClassifier,logistic,sv,False,0.9635000005364418,fashion,16000
64,10000,500,0.01,0.0,0.0001,10000,12,LinearClassifier,logistic,sv,False,0.9637000001966952,fashion,16000
64,10000,500,0.01,0.0,0.0001,10000,13,LinearClassifier,logistic,sv,False,0.9609999991953372,fashion,16000
64,10000,500,0.01,0.0,0.0001,10000,14,LinearClassifier,logistic,sv,False,0.9637000001966952,fashion,16000
64,10000,500,0.01,0.0,0.0001,10000,15,LinearClassifier,logistic,sv,False,0.9629999995231628,fashion,16000
64,10000,500,0.01,0.0,0.0001,10000,16,LinearClassifier,logistic,sv,False,0.9634000025689602,fashion,16000
64,10000,500,0.01,0.0,0.0001,10000,17,LinearClassifier,logistic,sv,False,0.9638000018894672,fashion,16000
64,10000,500,0.01,0.0,0.0001,10000,18,LinearClassifier,logistic,sv,False,0.9622000008821489,fashion,16000
64,10000,500,0.01,0.0,0.0001,10000,19,LinearClassifier,logistic,sv,False,0.9658000022172928,fashion,16000
64,10000,500,0.01,0.0,0.0001,10000,0,LinearClassifier,logistic,sl,False,0.8938000053167343,mnist,12000
64,10000,500,0.01,0.0,0.0001,10000,1,LinearClassifier,logistic,sl,False,0.8946000039577484,mnist,12000
64,10000,500,0.01,0.0,0.0001,10000,2,LinearClassifier,logistic,sl,False,0.8933000043034554,mnist,12000
64,10000,500,0.01,0.0,0.0001,10000,3,LinearClassifier,logistic,sl,False,0.8903000056743622,mnist,12000
64,10000,500,0.01,0.0,0.0001,10000,4,LinearClassifier,logistic,sl,False,0.8953000009059906,mnist,12000
64,10000,500,0.01,0.0,0.0001,10000,5,LinearClassifier,logistic,sl,False,0.8942000046372414,mnist,12000
64,10000,500,0.01,0.0,0.0001,10000,6,LinearClassifier,logistic,sl,False,0.8907999992370605,mnist,12000
64,10000,500,0.01,0.0,0.0001,10000,7,LinearClassifier,logistic,sl,False,0.8890000060200691,mnist,12000
64,10000,500,0.01,0.0,0.0001,10000,8,LinearClassifier,logistic,sl,False,0.8935000002384186,mnist,12000
64,10000,500,0.01,0.0,0.0001,10000,9,LinearClassifier,logistic,sl,False,0.8927000015974045,mnist,12000
64,10000,500,0.01,0.0,0.0001,10000,10,LinearClassifier,logistic,sl,False,0.8918000012636185,mnist,12000
64,10000,500,0.01,0.0,0.0001,10000,11,LinearClassifier,logistic,sl,False,0.8925999999046326,mnist,12000
64,10000,500,0.01,0.0,0.0001,10000,12,LinearClassifier,logistic,sl,False,0.885000005364418,mnist,12000
64,10000,500,0.01,0.0,0.0001,10000,13,LinearClassifier,logistic,sl,False,0.8958000019192696,mnist,12000
64,10000,500,0.01,0.0,0.0001,10000,14,LinearClassifier,logistic,sl,False,0.8933000043034554,mnist,12000
64,10000,500,0.01,0.0,0.0001,10000,15,LinearClassifier,logistic,sl,False,0.8966000005602837,mnist,12000
64,10000,500,0.01,0.0,0.0001,10000,16,LinearClassifier,logistic,sl,False,0.8957000002264977,mnist,12000
64,10000,500,0.01,0.0,0.0001,10000,17,LinearClassifier,logistic,sl,False,0.8956000059843063,mnist,12000
64,10000,500,0.01,0.0,0.0001,10000,18,LinearClassifier,logistic,sl,False,0.8909000009298325,mnist,12000
64,10000,500,0.01,0.0,0.0001,10000,19,LinearClassifier,logistic,sl,False,0.8936000019311905,mnist,12000
64,10000,500,0.01,0.0,0.0001,10000,0,LinearClassifier,logistic,sl,False,0.8940000012516975,mnist,20000
64,10000,500,0.01,0.0,0.0001,10000,1,LinearClassifier,logistic,sl,False,0.8993000015616417,mnist,20000
64,10000,500,0.01,0.0,0.0001,10000,2,LinearClassifier,logistic,sl,False,0.8957000002264977,mnist,20000
64,10000,500,0.01,0.0,0.0001,10000,3,LinearClassifier,logistic,sl,False,0.8972000032663345,mnist,20000
64,10000,500,0.01,0.0,0.0001,10000,4,LinearClassifier,logistic,sl,False,0.8995999991893768,mnist,20000
64,10000,500,0.01,0.0,0.0001,10000,5,LinearClassifier,logistic,sl,False,0.8955000042915344,mnist,20000
64,10000,500,0.01,0.0,0.0001,10000,6,LinearClassifier,logistic,sl,False,0.8956000059843063,mnist,20000
64,10000,500,0.01,0.0,0.0001,10000,7,LinearClassifier,logistic,sl,False,0.8932000026106834,mnist,20000
64,10000,500,0.01,0.0,0.0001,10000,8,LinearClassifier,logistic,sl,False,0.8982000052928925,mnist,20000
64,10000,500,0.01,0.0,0.0001,10000,9,LinearClassifier,logistic,sl,False,0.8933000043034554,mnist,20000
64,10000,500,0.01,0.0,0.0001,10000,10,LinearClassifier,logistic,sl,False,0.8985000029206276,mnist,20000
64,10000,500,0.01,0.0,0.0001,10000,11,LinearClassifier,logistic,sl,False,0.8991000056266785,mnist,20000
64,10000,500,0.01,0.0,0.0001,10000,12,LinearClassifier,logistic,sl,False,0.8959000036120415,mnist,20000
64,10000,500,0.01,0.0,0.0001,10000,13,LinearClassifier,logistic,sl,False,0.8950000032782555,mnist,20000
64,10000,500,0.01,0.0,0.0001,10000,14,LinearClassifier,logistic,sl,False,0.8980000019073486,mnist,20000
64,10000,500,0.01,0.0,0.0001,10000,15,LinearClassifier,logistic,sl,False,0.8964000046253204,mnist,20000
64,10000,500,0.01,0.0,0.0001,10000,16,LinearClassifier,logistic,sl,False,0.8933000043034554,mnist,20000
64,10000,500,0.01,0.0,0.0001,10000,17,LinearClassifier,logistic,sl,False,0.8951000049710274,mnist,20000
64,10000,500,0.01,0.0,0.0001,10000,18,LinearClassifier,logistic,sl,False,0.8936000019311905,mnist,20000
64,10000,500,0.01,0.0,0.0001,10000,19,LinearClassifier,logistic,sl,False,0.8942000046372414,mnist,20000
64,10000,500,0.01,0.0,0.0001,10000,0,LinearClassifier,logistic,sl,False,0.7651999592781067,kmnist,12000
64,10000,500,0.01,0.0,0.0001,10000,1,LinearClassifier,logistic,sl,False,0.7639000117778778,kmnist,12000
64,10000,500,0.01,0.0,0.0001,10000,2,LinearClassifier,logistic,sl,False,0.7568000108003616,kmnist,12000
64,10000,500,0.01,0.0,0.0001,10000,3,LinearClassifier,logistic,sl,False,0.7683999985456467,kmnist,12000
64,10000,500,0.01,0.0,0.0001,10000,4,LinearClassifier,logistic,sl,False,0.768200010061264,kmnist,12000
64,10000,500,0.01,0.0,0.0001,10000,5,LinearClassifier,logistic,sl,False,0.760000005364418,kmnist,12000
64,10000,500,0.01,0.0,0.0001,10000,6,LinearClassifier,logistic,sl,False,0.76180000603199,kmnist,12000
64,10000,500,0.01,0.0,0.0001,10000,7,LinearClassifier,logistic,sl,False,0.769200012087822,kmnist,12000
64,10000,500,0.01,0.0,0.0001,10000,8,LinearClassifier,logistic,sl,False,0.768200010061264,kmnist,12000
64,10000,500,0.01,0.0,0.0001,10000,9,LinearClassifier,logistic,sl,False,0.7719999998807907,kmnist,12000
64,10000,500,0.01,0.0,0.0001,10000,10,LinearClassifier,logistic,sl,False,0.7674000114202499,kmnist,12000
64,10000,500,0.01,0.0,0.0001,10000,11,LinearClassifier,logistic,sl,False,0.76460000872612,kmnist,12000
64,10000,500,0.01,0.0,0.0001,10000,12,LinearClassifier,logistic,sl,False,0.7625000029802322,kmnist,12000
64,10000,500,0.01,0.0,0.0001,10000,13,LinearClassifier,logistic,sl,False,0.7648000121116638,kmnist,12000
64,10000,500,0.01,0.0,0.0001,10000,14,LinearClassifier,logistic,sl,False,0.7678000032901764,kmnist,12000
64,10000,500,0.01,0.0,0.0001,10000,15,LinearClassifier,logistic,sl,False,0.768200010061264,kmnist,12000
64,10000,500,0.01,0.0,0.0001,10000,16,LinearClassifier,logistic,sl,False,0.7642000019550323,kmnist,12000
64,10000,500,0.01,0.0,0.0001,10000,17,LinearClassifier,logistic,sl,False,0.7670000046491623,kmnist,12000
64,10000,500,0.01,0.0,0.0001,10000,18,LinearClassifier,logistic,sl,False,0.7671000063419342,kmnist,12000
64,10000,500,0.01,0.0,0.0001,10000,19,LinearClassifier,logistic,sl,False,0.767300009727478,kmnist,12000
64,10000,500,0.01,0.0,0.0001,10000,0,LinearClassifier,logistic,sl,False,0.7768000066280365,kmnist,20000
64,10000,500,0.01,0.0,0.0001,10000,1,LinearClassifier,logistic,sl,False,0.767300009727478,kmnist,20000
64,10000,500,0.01,0.0,0.0001,10000,2,LinearClassifier,logistic,sl,False,0.7717000097036362,kmnist,20000
64,10000,500,0.01,0.0,0.0001,10000,3,LinearClassifier,logistic,sl,False,0.7730000019073486,kmnist,20000
64,10000,500,0.01,0.0,0.0001,10000,4,LinearClassifier,logistic,sl,False,0.7773000001907349,kmnist,20000
64,10000,500,0.01,0.0,0.0001,10000,5,LinearClassifier,logistic,sl,False,0.7750000059604645,kmnist,20000
64,10000,500,0.01,0.0,0.0001,10000,6,LinearClassifier,logistic,sl,False,0.7769000083208084,kmnist,20000
64,10000,500,0.01,0.0,0.0001,10000,7,LinearClassifier,logistic,sl,False,0.7722000032663345,kmnist,20000
64,10000,500,0.01,0.0,0.0001,10000,8,LinearClassifier,logistic,sl,False,0.7740000039339066,kmnist,20000
64,10000,500,0.01,0.0,0.0001,10000,9,LinearClassifier,logistic,sl,False,0.7718000113964081,kmnist,20000
64,10000,500,0.01,0.0,0.0001,10000,10,LinearClassifier,logistic,sl,False,0.7707000076770782,kmnist,20000
64,10000,500,0.01,0.0,0.0001,10000,11,LinearClassifier,logistic,sl,False,0.7700000107288361,kmnist,20000
64,10000,500,0.01,0.0,0.0001,10000,12,LinearClassifier,logistic,sl,False,0.7741000056266785,kmnist,20000
64,10000,500,0.01,0.0,0.0001,10000,13,LinearClassifier,logistic,sl,False,0.7726000100374222,kmnist,20000
64,10000,500,0.01,0.0,0.0001,10000,14,LinearClassifier,logistic,sl,False,0.7686000019311905,kmnist,20000
64,10000,500,0.01,0.0,0.0001,10000,15,LinearClassifier,logistic,sl,False,0.7761000096797943,kmnist,20000
64,10000,500,0.01,0.0,0.0001,10000,16,LinearClassifier,logistic,sl,False,0.7735000103712082,kmnist,20000
64,10000,500,0.01,0.0,0.0001,10000,17,LinearClassifier,logistic,sl,False,0.7724000066518784,kmnist,20000
64,10000,500,0.01,0.0,0.0001,10000,18,LinearClassifier,logistic,sl,False,0.789000004529953,kmnist,20000
64,10000,500,0.01,0.0,0.0001,10000,19,LinearClassifier,logistic,sl,False,0.7786000072956085,kmnist,20000
64,10000,500,0.01,0.0,0.0001,10000,0,LinearClassifier,logistic,sl,False,0.9580000042915344,fashion,12000
64,10000,500,0.01,0.0,0.0001,10000,1,LinearClassifier,logistic,sl,False,0.9583000019192696,fashion,12000
64,10000,500,0.01,0.0,0.0001,10000,2,LinearClassifier,logistic,sl,False,0.9640000015497208,fashion,12000
64,10000,500,0.01,0.0,0.0001,10000,3,LinearClassifier,logistic,sl,False,0.955299999564886,fashion,12000
64,10000,500,0.01,0.0,0.0001,10000,4,LinearClassifier,logistic,sl,False,0.9609999991953372,fashion,12000
64,10000,500,0.01,0.0,0.0001,10000,5,LinearClassifier,logistic,sl,False,0.9582000002264977,fashion,12000
64,10000,500,0.01,0.0,0.0001,10000,6,LinearClassifier,logistic,sl,False,0.9600000008940696,fashion,12000
64,10000,500,0.01,0.0,0.0001,10000,7,LinearClassifier,logistic,sl,False,0.9605000019073486,fashion,12000
64,10000,500,0.01,0.0,0.0001,10000,8,LinearClassifier,logistic,sl,False,0.9624000005424024,fashion,12000
64,10000,500,0.01,0.0,0.0001,10000,9,LinearClassifier,logistic,sl,False,0.9618999995291232,fashion,12000
64,10000,500,0.01,0.0,0.0001,10000,10,LinearClassifier,logistic,sl,False,0.959000002592802,fashion,12000
64,10000,500,0.01,0.0,0.0001,10000,11,LinearClassifier,logistic,sl,False,0.9587999992072582,fashion,12000
64,10000,500,0.01,0.0,0.0001,10000,12,LinearClassifier,logistic,sl,False,0.9582000002264977,fashion,12000
64,10000,500,0.01,0.0,0.0001,10000,13,LinearClassifier,logistic,sl,False,0.9579000025987624,fashion,12000
64,10000,500,0.01,0.0,0.0001,10000,14,LinearClassifier,logistic,sl,False,0.9613000005483628,fashion,12000
64,10000,500,0.01,0.0,0.0001,10000,15,LinearClassifier,logistic,sl,False,0.9566000029444696,fashion,12000
64,10000,500,0.01,0.0,0.0001,10000,16,LinearClassifier,logistic,sl,False,0.9613000005483628,fashion,12000
64,10000,500,0.01,0.0,0.0001,10000,17,LinearClassifier,logistic,sl,False,0.9607999995350838,fashion,12000
64,10000,500,0.01,0.0,0.0001,10000,18,LinearClassifier,logistic,sl,False,0.9594999998807908,fashion,12000
64,10000,500,0.01,0.0,0.0001,10000,19,LinearClassifier,logistic,sl,False,0.9600000008940696,fashion,12000
64,10000,500,0.01,0.0,0.0001,10000,0,LinearClassifier,logistic,sl,False,0.958000000566244,fashion,20000
64,10000,500,0.01,0.0,0.0001,10000,1,LinearClassifier,logistic,sl,False,0.9576999992132188,fashion,20000
64,10000,500,0.01,0.0,0.0001,10000,2,LinearClassifier,logistic,sl,False,0.9604000002145768,fashion,20000
64,10000,500,0.01,0.0,0.0001,10000,3,LinearClassifier,logistic,sl,False,0.9616999998688698,fashion,20000
64,10000,500,0.01,0.0,0.0001,10000,4,LinearClassifier,logistic,sl,False,0.9626000002026558,fashion,20000
64,10000,500,0.01,0.0,0.0001,10000,5,LinearClassifier,logistic,sl,False,0.959800001233816,fashion,20000
64,10000,500,0.01,0.0,0.0001,10000,6,LinearClassifier,logistic,sl,False,0.9620999991893768,fashion,20000
64,10000,500,0.01,0.0,0.0001,10000,7,LinearClassifier,logistic,sl,False,0.9620000012218952,fashion,20000
64,10000,500,0.01,0.0,0.0001,10000,8,LinearClassifier,logistic,sl,False,0.9629999995231628,fashion,20000
64,10000,500,0.01,0.0,0.0001,10000,9,LinearClassifier,logistic,sl,False,0.9624000005424024,fashion,20000
64,10000,500,0.01,0.0,0.0001,10000,10,LinearClassifier,logistic,sl,False,0.9596000015735626,fashion,20000
64,10000,500,0.01,0.0,0.0001,10000,11,LinearClassifier,logistic,sl,False,0.9634000025689602,fashion,20000
64,10000,500,0.01,0.0,0.0001,10000,12,LinearClassifier,logistic,sl,False,0.9627999998629092,fashion,20000
64,10000,500,0.01,0.0,0.0001,10000,13,LinearClassifier,logistic,sl,False,0.958100002259016,fashion,20000
64,10000,500,0.01,0.0,0.0001,10000,14,LinearClassifier,logistic,sl,False,0.9620000012218952,fashion,20000
64,10000,500,0.01,0.0,0.0001,10000,15,LinearClassifier,logistic,sl,False,0.9598999992012978,fashion,20000
64,10000,500,0.01,0.0,0.0001,10000,16,LinearClassifier,logistic,sl,False,0.9631999991834164,fashion,20000
64,10000,500,0.01,0.0,0.0001,10000,17,LinearClassifier,logistic,sl,False,0.9631000012159348,fashion,20000
64,10000,500,0.01,0.0,0.0001,10000,18,LinearClassifier,logistic,sl,False,0.9609999991953372,fashion,20000
64,10000,500,0.01,0.0,0.0001,10000,19,LinearClassifier,logistic,sl,False,0.9640999995172024,fashion,20000
64,10000,500,0.01,0.0,0.0001,10000,0,LinearClassifier,logistic,sv,False,0.8966000005602837,mnist,12000
64,10000,500,0.01,0.0,0.0001,10000,1,LinearClassifier,logistic,sv,False,0.8990000039339066,mnist,12000
64,10000,500,0.01,0.0,0.0001,10000,2,LinearClassifier,logistic,sv,False,0.8951000049710274,mnist,12000
64,10000,500,0.01,0.0,0.0001,10000,3,LinearClassifier,logistic,sv,False,0.8958000019192696,mnist,12000
64,10000,500,0.01,0.0,0.0001,10000,4,LinearClassifier,logistic,sv,False,0.903099998831749,mnist,12000
64,10000,500,0.01,0.0,0.0001,10000,5,LinearClassifier,logistic,sv,False,0.8985000029206276,mnist,12000
64,10000,500,0.01,0.0,0.0001,10000,6,LinearClassifier,logistic,sv,False,0.8962000012397766,mnist,12000
64,10000,500,0.01,0.0,0.0001,10000,7,LinearClassifier,logistic,sv,False,0.8943000063300133,mnist,12000
64,10000,500,0.01,0.0,0.0001,10000,8,LinearClassifier,logistic,sv,False,0.8981000036001205,mnist,12000
64,10000,500,0.01,0.0,0.0001,10000,9,LinearClassifier,logistic,sv,False,0.8958000019192696,mnist,12000
64,10000,500,0.01,0.0,0.0001,10000,10,LinearClassifier,logistic,sv,False,0.8965000063180923,mnist,12000
64,10000,500,0.01,0.0,0.0001,10000,11,LinearClassifier,logistic,sv,False,0.8984000012278557,mnist,12000
64,10000,500,0.01,0.0,0.0001,10000,12,LinearClassifier,logistic,sv,False,0.8951999992132187,mnist,12000
64,10000,500,0.01,0.0,0.0001,10000,13,LinearClassifier,logistic,sv,False,0.8947000056505203,mnist,12000
64,10000,500,0.01,0.0,0.0001,10000,14,LinearClassifier,logistic,sv,False,0.8976000025868416,mnist,12000
64,10000,500,0.01,0.0,0.0001,10000,15,LinearClassifier,logistic,sv,False,0.8972000032663345,mnist,12000
64,10000,500,0.01,0.0,0.0001,10000,16,LinearClassifier,logistic,sv,False,0.8979000002145767,mnist,12000
64,10000,500,0.01,0.0,0.0001,10000,17,LinearClassifier,logistic,sv,False,0.8982999995350838,mnist,12000
64,10000,500,0.01,0.0,0.0001,10000,18,LinearClassifier,logistic,sv,False,0.8946000039577484,mnist,12000
64,10000,500,0.01,0.0,0.0001,10000,19,LinearClassifier,logistic,sv,False,0.8982000052928925,mnist,12000
64,10000,500,0.01,0.0,0.0001,10000,0,LinearClassifier,logistic,sv,False,0.8989000022411346,mnist,20000
64,10000,500,0.01,0.0,0.0001,10000,1,LinearClassifier,logistic,sv,False,0.9007000029087067,mnist,20000
64,10000,500,0.01,0.0,0.0001,10000,2,LinearClassifier,logistic,sv,False,0.8984000012278557,mnist,20000
64,10000,500,0.01,0.0,0.0001,10000,3,LinearClassifier,logistic,sv,False,0.8993000015616417,mnist,20000
64,10000,500,0.01,0.0,0.0001,10000,4,LinearClassifier,logistic,sv,False,0.9029000028967856,mnist,20000
64,10000,500,0.01,0.0,0.0001,10000,5,LinearClassifier,logistic,sv,False,0.8991999998688698,mnist,20000
64,10000,500,0.01,0.0,0.0001,10000,6,LinearClassifier,logistic,sv,False,0.8973999992012978,mnist,20000
64,10000,500,0.01,0.0,0.0001,10000,7,LinearClassifier,logistic,sv,False,0.8962000012397766,mnist,20000
64,10000,500,0.01,0.0,0.0001,10000,8,LinearClassifier,logistic,sv,False,0.8989000022411346,mnist,20000
64,10000,500,0.01,0.0,0.0001,10000,9,LinearClassifier,logistic,sv,False,0.8969000056385994,mnist,20000
64,10000,500,0.01,0.0,0.0001,10000,10,LinearClassifier,logistic,sv,False,0.8985000029206276,mnist,20000
64,10000,500,0.01,0.0,0.0001,10000,11,LinearClassifier,logistic,sv,False,0.9008000046014786,mnist,20000
64,10000,500,0.01,0.0,0.0001,10000,12,LinearClassifier,logistic,sv,False,0.8968000039458275,mnist,20000
64,10000,500,0.01,0.0,0.0001,10000,13,LinearClassifier,logistic,sv,False,0.8980000019073486,mnist,20000
64,10000,500,0.01,0.0,0.0001,10000,14,LinearClassifier,logistic,sv,False,0.8994000032544136,mnist,20000
64,10000,500,0.01,0.0,0.0001,10000,15,LinearClassifier,logistic,sv,False,0.8995000049471855,mnist,20000
64,10000,500,0.01,0.0,0.0001,10000,16,LinearClassifier,logistic,sv,False,0.8973999992012978,mnist,20000
64,10000,500,0.01,0.0,0.0001,10000,17,LinearClassifier,logistic,sv,False,0.9010000005364418,mnist,20000
64,10000,500,0.01,0.0,0.0001,10000,18,LinearClassifier,logistic,sv,False,0.8972000032663345,mnist,20000
64,10000,500,0.01,0.0,0.0001,10000,19,LinearClassifier,logistic,sv,False,0.8993000015616417,mnist,20000
64,10000,500,0.01,0.0,0.0001,10000,0,LinearClassifier,logistic,sv,False,0.7873000055551529,kmnist,12000
64,10000,500,0.01,0.0,0.0001,10000,1,LinearClassifier,logistic,sv,False,0.7774000018835068,kmnist,12000
64,10000,500,0.01,0.0,0.0001,10000,2,LinearClassifier,logistic,sv,False,0.7786000072956085,kmnist,12000
64,10000,500,0.01,0.0,0.0001,10000,3,LinearClassifier,logistic,sv,False,0.7805000096559525,kmnist,12000
64,10000,500,0.01,0.0,0.0001,10000,4,LinearClassifier,logistic,sv,False,0.7841000109910965,kmnist,12000
64,10000,500,0.01,0.0,0.0001,10000,5,LinearClassifier,logistic,sv,False,0.7830000072717667,kmnist,12000
64,10000,500,0.01,0.0,0.0001,10000,6,LinearClassifier,logistic,sv,False,0.7837000042200089,kmnist,12000
64,10000,500,0.01,0.0,0.0001,10000,7,LinearClassifier,logistic,sv,False,0.7811000049114227,kmnist,12000
64,10000,500,0.01,0.0,0.0001,10000,8,LinearClassifier,logistic,sv,False,0.7870000004768372,kmnist,12000
64,10000,500,0.01,0.0,0.0001,10000,9,LinearClassifier,logistic,sv,False,0.7823000103235245,kmnist,12000
64,10000,500,0.01,0.0,0.0001,10000,10,LinearClassifier,logistic,sv,False,0.7874000072479248,kmnist,12000
64,10000,500,0.01,0.0,0.0001,10000,11,LinearClassifier,logistic,sv,False,0.779899999499321,kmnist,12000
64,10000,500,0.01,0.0,0.0001,10000,12,LinearClassifier,logistic,sv,False,0.7822000086307526,kmnist,12000
64,10000,500,0.01,0.0,0.0001,10000,13,LinearClassifier,logistic,sv,False,0.7824000120162964,kmnist,12000
64,10000,500,0.01,0.0,0.0001,10000,14,LinearClassifier,logistic,sv,False,0.7836000025272369,kmnist,12000
64,10000,500,0.01,0.0,0.0001,10000,15,LinearClassifier,logistic,sv,False,0.7850000113248825,kmnist,12000
64,10000,500,0.01,0.0,0.0001,10000,16,LinearClassifier,logistic,sv,False,0.782600000500679,kmnist,12000
64,10000,500,0.01,0.0,0.0001,10000,17,LinearClassifier,logistic,sv,False,0.7859999984502792,kmnist,12000
64,10000,500,0.01,0.0,0.0001,10000,18,LinearClassifier,logistic,sv,False,0.7950000017881393,kmnist,12000
64,10000,500,0.01,0.0,0.0001,10000,19,LinearClassifier,logistic,sv,False,0.7855000048875809,kmnist,12000
64,10000,500,0.01,0.0,0.0001,10000,0,LinearClassifier,logistic,sv,False,0.7898000031709671,kmnist,20000
64,10000,500,0.01,0.0,0.0001,10000,1,LinearClassifier,logistic,sv,False,0.7804000079631805,kmnist,20000
64,10000,500,0.01,0.0,0.0001,10000,2,LinearClassifier,logistic,sv,False,0.7811000049114227,kmnist,20000
64,10000,500,0.01,0.0,0.0001,10000,3,LinearClassifier,logistic,sv,False,0.7854000031948091,kmnist,20000
64,10000,500,0.01,0.0,0.0001,10000,4,LinearClassifier,logistic,sv,False,0.784400001168251,kmnist,20000
64,10000,500,0.01,0.0,0.0001,10000,5,LinearClassifier,logistic,sv,False,0.788100004196167,kmnist,20000
64,10000,500,0.01,0.0,0.0001,10000,6,LinearClassifier,logistic,sv,False,0.7889000028371811,kmnist,20000
64,10000,500,0.01,0.0,0.0001,10000,7,LinearClassifier,logistic,sv,False,0.7840000092983246,kmnist,20000
64,10000,500,0.01,0.0,0.0001,10000,8,LinearClassifier,logistic,sv,False,0.7912000119686127,kmnist,20000
64,10000,500,0.01,0.0,0.0001,10000,9,LinearClassifier,logistic,sv,False,0.7851999998092651,kmnist,20000
64,10000,500,0.01,0.0,0.0001,10000,10,LinearClassifier,logistic,sv,False,0.7907000035047531,kmnist,20000
64,10000,500,0.01,0.0,0.0001,10000,11,LinearClassifier,logistic,sv,False,0.7791000008583069,kmnist,20000
64,10000,500,0.01,0.0,0.0001,10000,12,LinearClassifier,logistic,sv,False,0.7828000038862228,kmnist,20000
64,10000,500,0.01,0.0,0.0001,10000,13,LinearClassifier,logistic,sv,False,0.7821000069379807,kmnist,20000
64,10000,500,0.01,0.0,0.0001,10000,14,LinearClassifier,logistic,sv,False,0.7837000042200089,kmnist,20000
64,10000,500,0.01,0.0,0.0001,10000,15,LinearClassifier,logistic,sv,False,0.788100004196167,kmnist,20000
64,10000,500,0.01,0.0,0.0001,10000,16,LinearClassifier,logistic,sv,False,0.7847000062465668,kmnist,20000
64,10000,500,0.01,0.0,0.0001,10000,17,LinearClassifier,logistic,sv,False,0.7850000113248825,kmnist,20000
64,10000,500,0.01,0.0,0.0001,10000,18,LinearClassifier,logistic,sv,False,0.7973999977111816,kmnist,20000
64,10000,500,0.01,0.0,0.0001,10000,19,LinearClassifier,logistic,sv,False,0.7882000058889389,kmnist,20000
64,10000,500,0.01,0.0,0.0001,10000,0,LinearClassifier,logistic,sv,False,0.9594999998807908,fashion,12000
64,10000,500,0.01,0.0,0.0001,10000,1,LinearClassifier,logistic,sv,False,0.9631000012159348,fashion,12000
64,10000,500,0.01,0.0,0.0001,10000,2,LinearClassifier,logistic,sv,False,0.9653000012040138,fashion,12000
64,10000,500,0.01,0.0,0.0001,10000,3,LinearClassifier,logistic,sv,False,0.9622000008821489,fashion,12000
64,10000,500,0.01,0.0,0.0001,10000,4,LinearClassifier,logistic,sv,False,0.9644000008702278,fashion,12000
64,10000,500,0.01,0.0,0.0001,10000,5,LinearClassifier,logistic,sv,False,0.9620999991893768,fashion,12000
64,10000,500,0.01,0.0,0.0001,10000,6,LinearClassifier,logistic,sv,False,0.9626000002026558,fashion,12000
64,10000,500,0.01,0.0,0.0001,10000,7,LinearClassifier,logistic,sv,False,0.9647000022232533,fashion,12000
64,10000,500,0.01,0.0,0.0001,10000,8,LinearClassifier,logistic,sv,False,0.9651000015437604,fashion,12000
64,10000,500,0.01,0.0,0.0001,10000,9,LinearClassifier,logistic,sv,False,0.9649999998509884,fashion,12000
64,10000,500,0.01,0.0,0.0001,10000,10,LinearClassifier,logistic,sv,False,0.9625000022351742,fashion,12000
64,10000,500,0.01,0.0,0.0001,10000,11,LinearClassifier,logistic,sv,False,0.9611000008881092,fashion,12000
64,10000,500,0.01,0.0,0.0001,10000,12,LinearClassifier,logistic,sv,False,0.9627000018954276,fashion,12000
64,10000,500,0.01,0.0,0.0001,10000,13,LinearClassifier,logistic,sv,False,0.9614000022411346,fashion,12000
64,10000,500,0.01,0.0,0.0001,10000,14,LinearClassifier,logistic,sv,False,0.9636000022292136,fashion,12000
64,10000,500,0.01,0.0,0.0001,10000,15,LinearClassifier,logistic,sv,False,0.9636000022292136,fashion,12000
64,10000,500,0.01,0.0,0.0001,10000,16,LinearClassifier,logistic,sv,False,0.9640999995172024,fashion,12000
64,10000,500,0.01,0.0,0.0001,10000,17,LinearClassifier,logistic,sv,False,0.9635000005364418,fashion,12000
64,10000,500,0.01,0.0,0.0001,10000,18,LinearClassifier,logistic,sv,False,0.9623000025749208,fashion,12000
64,10000,500,0.01,0.0,0.0001,10000,19,LinearClassifier,logistic,sv,False,0.9640000015497208,fashion,12000
64,10000,500,0.01,0.0,0.0001,10000,0,LinearClassifier,logistic,sv,False,0.9596000015735626,fashion,20000
64,10000,500,0.01,0.0,0.0001,10000,1,LinearClassifier,logistic,sv,False,0.9653000012040138,fashion,20000
64,10000,500,0.01,0.0,0.0001,10000,2,LinearClassifier,logistic,sv,False,0.9651000015437604,fashion,20000
64,10000,500,0.01,0.0,0.0001,10000,3,LinearClassifier,logistic,sv,False,0.9635000005364418,fashion,20000
64,10000,500,0.01,0.0,0.0001,10000,4,LinearClassifier,logistic,sv,False,0.9635000005364418,fashion,20000
64,10000,500,0.01,0.0,0.0001,10000,5,LinearClassifier,logistic,sv,False,0.9627000018954276,fashion,20000
64,10000,500,0.01,0.0,0.0001,10000,6,LinearClassifier,logistic,sv,False,0.9640000015497208,fashion,20000
64,10000,500,0.01,0.0,0.0001,10000,7,LinearClassifier,logistic,sv,False,0.9648000001907348,fashion,20000
64,10000,500,0.01,0.0,0.0001,10000,8,LinearClassifier,logistic,sv,False,0.9651000015437604,fashion,20000
64,10000,500,0.01,0.0,0.0001,10000,9,LinearClassifier,logistic,sv,False,0.9647000022232533,fashion,20000
64,10000,500,0.01,0.0,0.0001,10000,10,LinearClassifier,logistic,sv,False,0.9648000001907348,fashion,20000
64,10000,500,0.01,0.0,0.0001,10000,11,LinearClassifier,logistic,sv,False,0.9637000001966952,fashion,20000
64,10000,500,0.01,0.0,0.0001,10000,12,LinearClassifier,logistic,sv,False,0.9626000002026558,fashion,20000
64,10000,500,0.01,0.0,0.0001,10000,13,LinearClassifier,logistic,sv,False,0.9615000002086164,fashion,20000
64,10000,500,0.01,0.0,0.0001,10000,14,LinearClassifier,logistic,sv,False,0.9635000005364418,fashion,20000
64,10000,500,0.01,0.0,0.0001,10000,15,LinearClassifier,logistic,sv,False,0.9638999998569489,fashion,20000
64,10000,500,0.01,0.0,0.0001,10000,16,LinearClassifier,logistic,sv,False,0.9638999998569489,fashion,20000
64,10000,500,0.01,0.0,0.0001,10000,17,LinearClassifier,logistic,sv,False,0.9645000025629996,fashion,20000
64,10000,500,0.01,0.0,0.0001,10000,18,LinearClassifier,logistic,sv,False,0.9631000012159348,fashion,20000
64,10000,500,0.01,0.0,0.0001,10000,19,LinearClassifier,logistic,sv,False,0.9647000022232533,fashion,20000
