Winner/tie,Loser/tie,PtsW,PtsL
New York Giants,Washington Redskins,16,7
Buffalo Bills,Seattle Seahawks,34,10
Philadelphia Eagles,St. Louis Rams,38,3
New York Jets,Miami Dolphins,20,14
New England Patriots,Kansas City Chiefs,17,10
Pittsburgh Steelers,Houston Texans,38,17
New Orleans Saints,Tampa Bay Buccaneers,24,20
Atlanta Falcons,Detroit Lions,34,21
Tennessee Titans,Jacksonville Jaguars,17,10
Baltimore Ravens,Cincinnati Bengals,17,10
Carolina Panthers,San Diego Chargers,26,24
Dallas Cowboys,Cleveland Browns,28,10
Arizona Cardinals,San Francisco 49ers,23,13
Chicago Bears,Indianapolis Colts,29,13
Green Bay Packers,Minnesota Vikings,24,19
Denver Broncos,Oakland Raiders,41,14
New York Giants,St. Louis Rams,41,13
Oakland Raiders,Kansas City Chiefs,23,8
Tennessee Titans,Cincinnati Bengals,24,7
Washington Redskins,New Orleans Saints,29,24
Green Bay Packers,Detroit Lions,48,25
Buffalo Bills,Jacksonville Jaguars,20,16
Carolina Panthers,Chicago Bears,20,17
Indianapolis Colts,Minnesota Vikings,18,15
Tampa Bay Buccaneers,Atlanta Falcons,24,9
San Francisco 49ers,Seattle Seahawks,33,30
Arizona Cardinals,Miami Dolphins,31,10
Denver Broncos,San Diego Chargers,39,38
New England Patriots,New York Jets,19,10
Pittsburgh Steelers,Cleveland Browns,10,6
Dallas Cowboys,Philadelphia Eagles,41,37
Tennessee Titans,Houston Texans,31,12
Tampa Bay Buccaneers,Chicago Bears,27,24
New York Giants,Cincinnati Bengals,26,23
Washington Redskins,Arizona Cardinals,24,17
Buffalo Bills,Oakland Raiders,24,23
Miami Dolphins,New England Patriots,38,13
Atlanta Falcons,Kansas City Chiefs,38,14
Minnesota Vikings,Carolina Panthers,20,10
Seattle Seahawks,St. Louis Rams,37,13
Denver Broncos,New Orleans Saints,34,32
San Francisco 49ers,Detroit Lions,31,13
Philadelphia Eagles,Pittsburgh Steelers,15,6
Jacksonville Jaguars,Indianapolis Colts,23,21
Baltimore Ravens,Cleveland Browns,28,10
Dallas Cowboys,Green Bay Packers,27,16
San Diego Chargers,New York Jets,48,29
Kansas City Chiefs,Denver Broncos,33,19
Jacksonville Jaguars,Houston Texans,30,27
Cleveland Browns,Cincinnati Bengals,20,12
New York Jets,Arizona Cardinals,56,35
Tampa Bay Buccaneers,Green Bay Packers,30,21
New Orleans Saints,San Francisco 49ers,31,17
Tennessee Titans,Minnesota Vikings,30,17
Carolina Panthers,Atlanta Falcons,24,9
San Diego Chargers,Oakland Raiders,28,18
Buffalo Bills,St. Louis Rams,31,14
Washington Redskins,Dallas Cowboys,26,24
Chicago Bears,Philadelphia Eagles,24,20
Pittsburgh Steelers,Baltimore Ravens,23,20
Indianapolis Colts,Houston Texans,31,27
Tennessee Titans,Baltimore Ravens,13,10
Atlanta Falcons,Green Bay Packers,27,24
Chicago Bears,Detroit Lions,34,7
Miami Dolphins,San Diego Chargers,17,10
New York Giants,Seattle Seahawks,44,6
Carolina Panthers,Kansas City Chiefs,34,0
Washington Redskins,Philadelphia Eagles,23,17
Denver Broncos,Tampa Bay Buccaneers,16,13
New England Patriots,San Francisco 49ers,30,21
Dallas Cowboys,Cincinnati Bengals,31,22
Arizona Cardinals,Buffalo Bills,41,17
Pittsburgh Steelers,Jacksonville Jaguars,26,21
Minnesota Vikings,New Orleans Saints,30,27
Houston Texans,Miami Dolphins,29,28
Indianapolis Colts,Baltimore Ravens,31,3
New York Jets,Cincinnati Bengals,26,14
Atlanta Falcons,Chicago Bears,22,20
Tampa Bay Buccaneers,Carolina Panthers,27,3
New Orleans Saints,Oakland Raiders,34,3
St. Louis Rams,Washington Redskins,19,17
Minnesota Vikings,Detroit Lions,12,10
Jacksonville Jaguars,Denver Broncos,24,17
Philadelphia Eagles,San Francisco 49ers,40,26
Arizona Cardinals,Dallas Cowboys,30,24
Green Bay Packers,Seattle Seahawks,27,17
San Diego Chargers,New England Patriots,30,10
Cleveland Browns,New York Giants,35,14
Tennessee Titans,Kansas City Chiefs,34,10
St. Louis Rams,Dallas Cowboys,34,14
Baltimore Ravens,Miami Dolphins,27,13
Buffalo Bills,San Diego Chargers,23,14
New York Giants,San Francisco 49ers,29,17
Chicago Bears,Minnesota Vikings,48,41
Carolina Panthers,New Orleans Saints,30,7
Pittsburgh Steelers,Cincinnati Bengals,38,10
Houston Texans,Detroit Lions,28,21
Oakland Raiders,New York Jets,16,13
Green Bay Packers,Indianapolis Colts,34,14
Washington Redskins,Cleveland Browns,14,11
Tampa Bay Buccaneers,Seattle Seahawks,20,10
New England Patriots,Denver Broncos,41,7
Philadelphia Eagles,Atlanta Falcons,27,14
Baltimore Ravens,Oakland Raiders,29,10
New England Patriots,St. Louis Rams,23,16
Dallas Cowboys,Tampa Bay Buccaneers,13,9
Washington Redskins,Detroit Lions,25,17
Carolina Panthers,Arizona Cardinals,27,23
New York Jets,Kansas City Chiefs,28,24
Miami Dolphins,Buffalo Bills,25,16
New Orleans Saints,San Diego Chargers,37,32
Houston Texans,Cincinnati Bengals,35,6
Cleveland Browns,Jacksonville Jaguars,23,17
New York Giants,Pittsburgh Steelers,21,14
Seattle Seahawks,San Francisco 49ers,34,13
Tennessee Titans,Indianapolis Colts,31,21
Arizona Cardinals,St. Louis Rams,34,13
New York Jets,Buffalo Bills,26,17
Chicago Bears,Detroit Lions,27,23
Tennessee Titans,Green Bay Packers,19,16
Baltimore Ravens,Cleveland Browns,37,27
Cincinnati Bengals,Jacksonville Jaguars,21,19
Tampa Bay Buccaneers,Kansas City Chiefs,30,27
Minnesota Vikings,Houston Texans,28,21
Miami Dolphins,Denver Broncos,26,17
Atlanta Falcons,Oakland Raiders,24,0
New York Giants,Dallas Cowboys,35,14
Philadelphia Eagles,Seattle Seahawks,26,7
Indianapolis Colts,New England Patriots,18,15
Pittsburgh Steelers,Washington Redskins,23,6
Denver Broncos,Cleveland Browns,34,30
Baltimore Ravens,Houston Texans,41,13
New England Patriots,Buffalo Bills,20,10
Tennessee Titans,Chicago Bears,21,14
Jacksonville Jaguars,Detroit Lions,38,14
New York Jets,St. Louis Rams,47,3
Atlanta Falcons,New Orleans Saints,34,20
Miami Dolphins,Seattle Seahawks,21,19
Minnesota Vikings,Green Bay Packers,28,27
Carolina Panthers,Oakland Raiders,17,6
San Diego Chargers,Kansas City Chiefs,20,19
Indianapolis Colts,Pittsburgh Steelers,24,20
New York Giants,Philadelphia Eagles,36,31
Arizona Cardinals,San Francisco 49ers,29,24
New York Jets,New England Patriots,34,31
New Orleans Saints,Kansas City Chiefs,30,20
Tampa Bay Buccaneers,Minnesota Vikings,19,13
Indianapolis Colts,Houston Texans,33,27
New York Giants,Baltimore Ravens,30,10
Green Bay Packers,Chicago Bears,37,3
Denver Broncos,Atlanta Falcons,24,20
Miami Dolphins,Oakland Raiders,17,15
Philadelphia Eagles,Cincinnati Bengals,13,13
Carolina Panthers,Detroit Lions,31,22
San Francisco 49ers,St. Louis Rams,35,16
Arizona Cardinals,Seattle Seahawks,26,20
Tennessee Titans,Jacksonville Jaguars,24,14
Pittsburgh Steelers,San Diego Chargers,11,10
Dallas Cowboys,Washington Redskins,14,10
Cleveland Browns,Buffalo Bills,29,27
Pittsburgh Steelers,Cincinnati Bengals,27,10
Chicago Bears,St. Louis Rams,27,3
Buffalo Bills,Kansas City Chiefs,54,31
New England Patriots,Miami Dolphins,48,28
New York Jets,Tennessee Titans,34,13
Baltimore Ravens,Philadelphia Eagles,36,7
Tampa Bay Buccaneers,Detroit Lions,38,20
Dallas Cowboys,San Francisco 49ers,35,22
Houston Texans,Cleveland Browns,16,6
Minnesota Vikings,Jacksonville Jaguars,30,12
Oakland Raiders,Denver Broncos,31,10
Atlanta Falcons,Carolina Panthers,45,28
New York Giants,Arizona Cardinals,37,29
Washington Redskins,Seattle Seahawks,20,17
Indianapolis Colts,San Diego Chargers,23,20
New Orleans Saints,Green Bay Packers,51,29
Tennessee Titans,Detroit Lions,47,10
Dallas Cowboys,Seattle Seahawks,34,9
Philadelphia Eagles,Arizona Cardinals,48,20
Miami Dolphins,St. Louis Rams,16,12
San Francisco 49ers,Buffalo Bills,10,3
Carolina Panthers,Green Bay Packers,35,31
Tampa Bay Buccaneers,New Orleans Saints,23,20
Indianapolis Colts,Cleveland Browns,10,6
Baltimore Ravens,Cincinnati Bengals,34,3
New York Giants,Washington Redskins,23,7
Atlanta Falcons,San Diego Chargers,22,16
Pittsburgh Steelers,New England Patriots,33,10
Denver Broncos,New York Jets,34,17
Kansas City Chiefs,Oakland Raiders,20,13
Minnesota Vikings,Chicago Bears,34,14
Houston Texans,Jacksonville Jaguars,30,17
San Diego Chargers,Oakland Raiders,34,7
Indianapolis Colts,Cincinnati Bengals,35,3
Houston Texans,Green Bay Packers,24,21
Chicago Bears,Jacksonville Jaguars,23,10
New Orleans Saints,Atlanta Falcons,29,25
Minnesota Vikings,Detroit Lions,20,16
Tennessee Titans,Cleveland Browns,28,9
Philadelphia Eagles,New York Giants,20,14
Miami Dolphins,Buffalo Bills,16,3
Denver Broncos,Kansas City Chiefs,24,17
San Francisco 49ers,New York Jets,24,14
New England Patriots,Seattle Seahawks,24,21
Arizona Cardinals,St. Louis Rams,34,10
Pittsburgh Steelers,Dallas Cowboys,20,13
Baltimore Ravens,Washington Redskins,24,10
Carolina Panthers,Tampa Bay Buccaneers,38,23
Chicago Bears,New Orleans Saints,27,24
Seattle Seahawks,St. Louis Rams,23,20
San Diego Chargers,Kansas City Chiefs,22,21
Indianapolis Colts,Detroit Lions,31,21
New York Jets,Buffalo Bills,31,27
Cincinnati Bengals,Washington Redskins,20,13
Miami Dolphins,San Francisco 49ers,14,9
Atlanta Falcons,Tampa Bay Buccaneers,13,10
Jacksonville Jaguars,Green Bay Packers,20,16
Houston Texans,Tennessee Titans,13,12
Minnesota Vikings,Arizona Cardinals,35,14
Pittsburgh Steelers,Baltimore Ravens,13,9
New England Patriots,Oakland Raiders,49,26
Carolina Panthers,Denver Broncos,30,10
Dallas Cowboys,New York Giants,20,8
Philadelphia Eagles,Cleveland Browns,30,10
Indianapolis Colts,Jacksonville Jaguars,31,24
Baltimore Ravens,Dallas Cowboys,33,24
San Francisco 49ers,St. Louis Rams,17,16
Miami Dolphins,Kansas City Chiefs,38,31
New England Patriots,Arizona Cardinals,47,7
Tennessee Titans,Pittsburgh Steelers,31,14
San Diego Chargers,Tampa Bay Buccaneers,41,24
Cincinnati Bengals,Cleveland Browns,14,0
New Orleans Saints,Detroit Lions,42,7
Oakland Raiders,Houston Texans,27,16
Buffalo Bills,Denver Broncos,30,23
Seattle Seahawks,New York Jets,13,3
Atlanta Falcons,Minnesota Vikings,24,17
Washington Redskins,Philadelphia Eagles,10,3
New York Giants,Carolina Panthers,34,28
Chicago Bears,Green Bay Packers,20,17
Green Bay Packers,Detroit Lions,31,21
Indianapolis Colts,Tennessee Titans,23,0
New England Patriots,Buffalo Bills,13,0
Atlanta Falcons,St. Louis Rams,31,27
Pittsburgh Steelers,Cleveland Browns,31,0
Oakland Raiders,Tampa Bay Buccaneers,31,24
Cincinnati Bengals,Kansas City Chiefs,16,6
Carolina Panthers,New Orleans Saints,33,31
Houston Texans,Chicago Bears,31,24
Minnesota Vikings,New York Giants,20,19
San Francisco 49ers,Washington Redskins,27,24
Arizona Cardinals,Seattle Seahawks,34,21
Philadelphia Eagles,Dallas Cowboys,44,6
Baltimore Ravens,Jacksonville Jaguars,27,7
Miami Dolphins,New York Jets,24,17
San Diego Chargers,Denver Broncos,52,21
Arizona Cardinals,Atlanta Falcons,30,24
San Diego Chargers,Indianapolis Colts,23,17
Baltimore Ravens,Miami Dolphins,27,9
Philadelphia Eagles,Minnesota Vikings,26,14
Baltimore Ravens,Tennessee Titans,13,10
Arizona Cardinals,Carolina Panthers,33,13
Philadelphia Eagles,New York Giants,23,11
Pittsburgh Steelers,San Diego Chargers,35,24
Arizona Cardinals,Philadelphia Eagles,32,25
Pittsburgh Steelers,Baltimore Ravens,23,14
Pittsburgh Steelers,Arizona Cardinals,27,23
