winner,loser,win_score,lose_score
Washington Redskins,Indianapolis Colts,30,16
Detroit Lions,New York Giants,13,10
New York Jets,Cleveland Browns,24,20
Baltimore Ravens,New England Patriots,16,15
New Orleans Saints,Arizona Cardinals,24,10
Kansas City Chiefs,Chicago Bears,24,20
Oakland Raiders,San Francisco 49ers,18,6
Seattle Seahawks,Minnesota Vikings,34,17
Pittsburgh Steelers,Philadelphia Eagles,16,10
Washington Redskins,Buffalo Bills,17,14
Carolina Panthers,Indianapolis Colts,23,20
Jacksonville Jaguars,Atlanta Falcons,20,17
Tampa Bay Buccaneers,Miami Dolphins,17,6
Houston Texans,Denver Broncos,19,16
Tennessee Titans,St. Louis Rams,34,13
San Diego Chargers,Dallas Cowboys,31,17
Cincinnati Bengals,Green Bay Packers,20,17
Buffalo Bills,Pittsburgh Steelers,24,21
Philadelphia Eagles,Carolina Panthers,24,13
Tennessee Titans,Oakland Raiders,17,16
Seattle Seahawks,Chicago Bears,29,26
San Francisco 49ers,Green Bay Packers,34,6
Denver Broncos,Dallas Cowboys,23,13
St. Louis Rams,San Diego Chargers,7,6
Houston Texans,New Orleans Saints,31,27
Arizona Cardinals,Kansas City Chiefs,27,17
Miami Dolphins,Jacksonville Jaguars,19,14
Minnesota Vikings,Baltimore Ravens,23,15
Indianapolis Colts,Atlanta Falcons,16,9
Washington Redskins,New York Jets,13,10
Detroit Lions,Cincinnati Bengals,27,10
Tampa Bay Buccaneers,New England Patriots,27,10
New York Giants,Cleveland Browns,37,34
San Francisco 49ers,Chicago Bears,37,30
Atlanta Falcons,Tennessee Titans,17,3
Philadelphia Eagles,New England Patriots,27,17
Dallas Cowboys,Houston Texans,23,22
Green Bay Packers,Denver Broncos,27,24
Arizona Cardinals,Oakland Raiders,24,0
St. Louis Rams,Baltimore Ravens,24,10
Pittsburgh Steelers,Minnesota Vikings,12,10
New Orleans Saints,Cincinnati Bengals,13,0
Jacksonville Jaguars,Tampa Bay Buccaneers,23,17
Miami Dolphins,Kansas City Chiefs,24,0
Carolina Panthers,Washington Redskins,47,3
New York Jets,New York Giants,10,7
Detroit Lions,Cleveland Browns,26,6
Buffalo Bills,Indianapolis Colts,20,7
San Diego Chargers,Seattle Seahawks,18,17
Atlanta Falcons,Baltimore Ravens,10,9
Chicago Bears,Cleveland Browns,16,10
Dallas Cowboys,Minnesota Vikings,16,10
Tampa Bay Buccaneers,Houston Texans,16,6
Miami Dolphins,New Orleans Saints,14,10
Jacksonville Jaguars,Washington Redskins,24,3
Pittsburgh Steelers,Carolina Panthers,19,16
New York Giants,New England Patriots,19,14
Kansas City Chiefs,St. Louis Rams,21,17
Cincinnati Bengals,Indianapolis Colts,27,7
Tennessee Titans,Green Bay Packers,23,21
New York Jets,Philadelphia Eagles,27,20
Detroit Lions,Buffalo Bills,14,6
Denver Broncos,Arizona Cardinals,28,14
San Diego Chargers,San Francisco 49ers,20,17
Seattle Seahawks,Oakland Raiders,23,16
