Winner/tie,Loser/tie,PtsW,PtsL
Pittsburgh Steelers,Tennessee Titans,13,10
Indianapolis Colts,Jacksonville Jaguars,14,12
Denver Broncos,Cincinnati Bengals,12,7
Baltimore Ravens,Kansas City Chiefs,38,24
Dallas Cowboys,Tampa Bay Buccaneers,34,21
New York Jets,Houston Texans,24,7
Minnesota Vikings,Cleveland Browns,34,20
New Orleans Saints,Detroit Lions,45,27
Philadelphia Eagles,Carolina Panthers,38,10
Atlanta Falcons,Miami Dolphins,19,7
San Francisco 49ers,Arizona Cardinals,20,16
New York Giants,Washington Redskins,23,17
Seattle Seahawks,St. Louis Rams,28,0
Green Bay Packers,Chicago Bears,21,15
New England Patriots,Buffalo Bills,25,24
San Diego Chargers,Oakland Raiders,24,20
Oakland Raiders,Kansas City Chiefs,13,10
Cincinnati Bengals,Green Bay Packers,31,24
New York Jets,New England Patriots,16,9
Atlanta Falcons,Carolina Panthers,28,20
Washington Redskins,St. Louis Rams,9,7
Arizona Cardinals,Jacksonville Jaguars,31,17
Minnesota Vikings,Detroit Lions,27,13
Houston Texans,Tennessee Titans,34,31
New Orleans Saints,Philadelphia Eagles,48,22
Buffalo Bills,Tampa Bay Buccaneers,33,20
San Francisco 49ers,Seattle Seahawks,23,10
Denver Broncos,Cleveland Browns,27,6
Baltimore Ravens,San Diego Chargers,31,26
Chicago Bears,Pittsburgh Steelers,17,14
New York Giants,Dallas Cowboys,33,31
Indianapolis Colts,Miami Dolphins,27,23
Green Bay Packers,St. Louis Rams,36,17
New York Giants,Tampa Bay Buccaneers,24,0
Philadelphia Eagles,Kansas City Chiefs,34,14
Detroit Lions,Washington Redskins,19,14
New England Patriots,Atlanta Falcons,26,10
Baltimore Ravens,Cleveland Browns,34,3
New York Jets,Tennessee Titans,24,17
Jacksonville Jaguars,Houston Texans,31,24
Minnesota Vikings,San Francisco 49ers,27,24
New Orleans Saints,Buffalo Bills,27,7
Chicago Bears,Seattle Seahawks,25,19
San Diego Chargers,Miami Dolphins,23,13
Cincinnati Bengals,Pittsburgh Steelers,23,20
Denver Broncos,Oakland Raiders,23,3
Indianapolis Colts,Arizona Cardinals,31,10
Dallas Cowboys,Carolina Panthers,21,7
Washington Redskins,Tampa Bay Buccaneers,16,13
New York Giants,Kansas City Chiefs,27,16
Houston Texans,Oakland Raiders,29,6
New England Patriots,Baltimore Ravens,27,21
Chicago Bears,Detroit Lions,48,24
Indianapolis Colts,Seattle Seahawks,34,17
Cincinnati Bengals,Cleveland Browns,23,20
Jacksonville Jaguars,Tennessee Titans,37,17
New Orleans Saints,New York Jets,24,10
Miami Dolphins,Buffalo Bills,38,10
Denver Broncos,Dallas Cowboys,17,10
San Francisco 49ers,St. Louis Rams,35,0
Pittsburgh Steelers,San Diego Chargers,38,28
Minnesota Vikings,Green Bay Packers,30,23
Minnesota Vikings,St. Louis Rams,38,10
Dallas Cowboys,Kansas City Chiefs,26,20
Cleveland Browns,Buffalo Bills,6,3
Philadelphia Eagles,Tampa Bay Buccaneers,33,14
Cincinnati Bengals,Baltimore Ravens,17,14
New York Giants,Oakland Raiders,44,7
Pittsburgh Steelers,Detroit Lions,28,20
Carolina Panthers,Washington Redskins,20,17
Atlanta Falcons,San Francisco 49ers,45,10
Arizona Cardinals,Houston Texans,28,21
Seattle Seahawks,Jacksonville Jaguars,41,0
Denver Broncos,New England Patriots,20,17
Indianapolis Colts,Tennessee Titans,31,9
Miami Dolphins,New York Jets,31,27
Carolina Panthers,Tampa Bay Buccaneers,28,21
Pittsburgh Steelers,Cleveland Browns,27,14
Green Bay Packers,Detroit Lions,26,0
Houston Texans,Cincinnati Bengals,28,17
New Orleans Saints,New York Giants,48,27
Kansas City Chiefs,Washington Redskins,14,6
Jacksonville Jaguars,St. Louis Rams,23,20
Minnesota Vikings,Baltimore Ravens,33,31
Oakland Raiders,Philadelphia Eagles,13,9
Arizona Cardinals,Seattle Seahawks,27,3
Buffalo Bills,New York Jets,16,13
New England Patriots,Tennessee Titans,59,0
Atlanta Falcons,Chicago Bears,21,14
Denver Broncos,San Diego Chargers,34,23
Indianapolis Colts,St. Louis Rams,42,6
San Diego Chargers,Kansas City Chiefs,37,7
Green Bay Packers,Cleveland Browns,31,3
Pittsburgh Steelers,Minnesota Vikings,27,17
Houston Texans,San Francisco 49ers,24,21
New England Patriots,Tampa Bay Buccaneers,35,7
New York Jets,Oakland Raiders,38,0
Buffalo Bills,Carolina Panthers,20,9
New Orleans Saints,Miami Dolphins,46,34
Dallas Cowboys,Atlanta Falcons,37,21
Cincinnati Bengals,Chicago Bears,45,10
Arizona Cardinals,New York Giants,24,17
Philadelphia Eagles,Washington Redskins,27,17
Chicago Bears,Cleveland Browns,30,6
Miami Dolphins,New York Jets,30,25
Baltimore Ravens,Denver Broncos,30,7
Houston Texans,Buffalo Bills,31,10
Dallas Cowboys,Seattle Seahawks,38,17
St. Louis Rams,Detroit Lions,17,10
Indianapolis Colts,San Francisco 49ers,18,14
Philadelphia Eagles,New York Giants,40,17
Tennessee Titans,Jacksonville Jaguars,30,13
San Diego Chargers,Oakland Raiders,24,16
Carolina Panthers,Arizona Cardinals,34,21
Minnesota Vikings,Green Bay Packers,38,26
New Orleans Saints,Atlanta Falcons,35,27
New England Patriots,Miami Dolphins,27,17
Cincinnati Bengals,Baltimore Ravens,17,7
Indianapolis Colts,Houston Texans,20,17
Atlanta Falcons,Washington Redskins,31,17
Arizona Cardinals,Chicago Bears,41,21
Jacksonville Jaguars,Kansas City Chiefs,24,21
Tampa Bay Buccaneers,Green Bay Packers,38,28
New Orleans Saints,Carolina Panthers,30,20
Seattle Seahawks,Detroit Lions,32,20
Tennessee Titans,San Francisco 49ers,34,27
San Diego Chargers,New York Giants,21,20
Dallas Cowboys,Philadelphia Eagles,20,16
Pittsburgh Steelers,Denver Broncos,28,10
San Francisco 49ers,Chicago Bears,10,6
New Orleans Saints,St. Louis Rams,28,23
Tennessee Titans,Buffalo Bills,41,17
Jacksonville Jaguars,New York Jets,24,22
Cincinnati Bengals,Pittsburgh Steelers,18,12
Washington Redskins,Denver Broncos,27,17
Carolina Panthers,Atlanta Falcons,28,19
Miami Dolphins,Tampa Bay Buccaneers,25,23
Minnesota Vikings,Detroit Lions,27,10
Kansas City Chiefs,Oakland Raiders,16,10
San Diego Chargers,Philadelphia Eagles,31,23
Arizona Cardinals,Seattle Seahawks,31,20
Green Bay Packers,Dallas Cowboys,17,7
Indianapolis Colts,New England Patriots,35,34
Baltimore Ravens,Cleveland Browns,16,0
Miami Dolphins,Carolina Panthers,24,17
New Orleans Saints,Tampa Bay Buccaneers,38,7
Kansas City Chiefs,Pittsburgh Steelers,27,24
Detroit Lions,Cleveland Browns,38,37
Green Bay Packers,San Francisco 49ers,30,24
Indianapolis Colts,Baltimore Ravens,17,15
Dallas Cowboys,Washington Redskins,7,6
Jacksonville Jaguars,Buffalo Bills,18,15
New York Giants,Atlanta Falcons,34,31
Minnesota Vikings,Seattle Seahawks,35,9
Arizona Cardinals,St. Louis Rams,21,13
Oakland Raiders,Cincinnati Bengals,20,17
San Diego Chargers,Denver Broncos,32,3
New England Patriots,New York Jets,31,14
Philadelphia Eagles,Chicago Bears,24,20
Tennessee Titans,Houston Texans,20,17
Green Bay Packers,Detroit Lions,34,12
Dallas Cowboys,Oakland Raiders,24,7
Denver Broncos,New York Giants,26,6
Seattle Seahawks,St. Louis Rams,27,17
New York Jets,Carolina Panthers,17,6
Cincinnati Bengals,Cleveland Browns,16,7
Indianapolis Colts,Houston Texans,35,27
Buffalo Bills,Miami Dolphins,31,14
Atlanta Falcons,Tampa Bay Buccaneers,20,17
Philadelphia Eagles,Washington Redskins,27,24
San Francisco 49ers,Jacksonville Jaguars,20,3
San Diego Chargers,Kansas City Chiefs,43,14
Minnesota Vikings,Chicago Bears,36,10
Tennessee Titans,Arizona Cardinals,20,17
Baltimore Ravens,Pittsburgh Steelers,20,17
New Orleans Saints,New England Patriots,38,17
New York Jets,Buffalo Bills,19,13
Denver Broncos,Kansas City Chiefs,44,13
Miami Dolphins,New England Patriots,22,21
Chicago Bears,St. Louis Rams,17,9
Oakland Raiders,Pittsburgh Steelers,27,24
Cincinnati Bengals,Detroit Lions,23,13
Carolina Panthers,Tampa Bay Buccaneers,16,6
Philadelphia Eagles,Atlanta Falcons,34,7
New Orleans Saints,Washington Redskins,33,30
Indianapolis Colts,Tennessee Titans,27,17
Jacksonville Jaguars,Houston Texans,23,18
San Diego Chargers,Cleveland Browns,30,23
New York Giants,Dallas Cowboys,31,24
Seattle Seahawks,San Francisco 49ers,20,17
Arizona Cardinals,Minnesota Vikings,30,17
Green Bay Packers,Baltimore Ravens,27,14
Cleveland Browns,Pittsburgh Steelers,13,6
Buffalo Bills,Kansas City Chiefs,16,10
New York Jets,Tampa Bay Buccaneers,26,3
Indianapolis Colts,Denver Broncos,28,16
Houston Texans,Seattle Seahawks,34,7
Baltimore Ravens,Detroit Lions,48,3
New England Patriots,Carolina Panthers,20,10
New Orleans Saints,Atlanta Falcons,26,23
Green Bay Packers,Chicago Bears,21,14
Miami Dolphins,Jacksonville Jaguars,14,10
Minnesota Vikings,Cincinnati Bengals,30,10
Tennessee Titans,St. Louis Rams,47,7
Washington Redskins,Oakland Raiders,34,13
San Diego Chargers,Dallas Cowboys,20,17
Philadelphia Eagles,New York Giants,45,38
San Francisco 49ers,Arizona Cardinals,24,9
Indianapolis Colts,Jacksonville Jaguars,35,31
Dallas Cowboys,New Orleans Saints,24,17
Houston Texans,St. Louis Rams,16,13
Cleveland Browns,Kansas City Chiefs,41,34
Tennessee Titans,Miami Dolphins,27,24
New England Patriots,Buffalo Bills,17,10
Arizona Cardinals,Detroit Lions,31,24
Atlanta Falcons,New York Jets,10,7
Oakland Raiders,Denver Broncos,20,19
San Diego Chargers,Cincinnati Bengals,27,24
Baltimore Ravens,Chicago Bears,31,7
Pittsburgh Steelers,Green Bay Packers,37,36
Philadelphia Eagles,San Francisco 49ers,27,13
Tampa Bay Buccaneers,Seattle Seahawks,24,7
Carolina Panthers,Minnesota Vikings,26,7
New York Giants,Washington Redskins,45,12
San Diego Chargers,Tennessee Titans,42,17
Cleveland Browns,Oakland Raiders,23,9
Green Bay Packers,Seattle Seahawks,48,10
Atlanta Falcons,Buffalo Bills,31,3
New England Patriots,Jacksonville Jaguars,35,7
Houston Texans,Miami Dolphins,27,20
Pittsburgh Steelers,Baltimore Ravens,23,20
Carolina Panthers,New York Giants,41,9
Cincinnati Bengals,Kansas City Chiefs,17,10
Tampa Bay Buccaneers,New Orleans Saints,20,17
San Francisco 49ers,Detroit Lions,20,6
Arizona Cardinals,St. Louis Rams,31,10
Philadelphia Eagles,Denver Broncos,30,27
New York Jets,Indianapolis Colts,29,15
Dallas Cowboys,Washington Redskins,17,0
Chicago Bears,Minnesota Vikings,36,30
San Francisco 49ers,St. Louis Rams,28,6
Houston Texans,New England Patriots,34,27
Cleveland Browns,Jacksonville Jaguars,23,17
Pittsburgh Steelers,Miami Dolphins,30,24
Buffalo Bills,Indianapolis Colts,30,7
Atlanta Falcons,Tampa Bay Buccaneers,20,10
Chicago Bears,Detroit Lions,37,23
Carolina Panthers,New Orleans Saints,23,10
Minnesota Vikings,New York Giants,44,7
San Diego Chargers,Washington Redskins,23,20
Baltimore Ravens,Oakland Raiders,21,13
Green Bay Packers,Arizona Cardinals,33,7
Kansas City Chiefs,Denver Broncos,44,24
Dallas Cowboys,Philadelphia Eagles,24,0
Tennessee Titans,Seattle Seahawks,17,13
New York Jets,Cincinnati Bengals,37,0
